CustomerID,Recency,Frequency,Monetary
17850.0,372,297,5391.21
13047.0,31,172,3237.54
13748.0,95,28,948.25
15100.0,333,3,876.0
15291.0,25,103,4668.3
14688.0,7,324,5579.1
17809.0,16,61,5411.91
15311.0,0,2366,60632.75
16098.0,87,67,2005.63
18074.0,373,13,489.6
17420.0,50,30,598.83
16029.0,38,241,80850.84
16250.0,261,24,389.44
17511.0,2,963,91062.38
13705.0,7,28,711.86
13747.0,373,1,79.6
13408.0,1,478,28117.04
13767.0,2,368,17220.36
17924.0,11,31,2962.5
13448.0,16,194,3534.69
15862.0,8,147,832.88
15513.0,33,308,14758.220000000001
16218.0,29,84,3084.68
14045.0,109,6,1659.75
14307.0,88,180,2995.72
17908.0,373,54,232.03
17920.0,4,665,4119.5
12838.0,33,120,671.95
13255.0,9,13,399.51
16583.0,373,14,233.45
18085.0,330,29,689.95
13758.0,11,117,3190.55
13694.0,3,568,65039.62
15983.0,22,112,1465.12
14849.0,21,388,7930.54
17968.0,373,81,265.1
16210.0,1,123,21086.3
17897.0,172,108,541.8100000000001
17377.0,23,404,4058.32
16552.0,242,17,379.73
17181.0,57,23,239.92000000000002
17951.0,39,20,1008.5400000000001
14729.0,373,71,313.49
12748.0,0,4412,33053.19
15012.0,53,122,405.04
12868.0,185,107,1607.0600000000002
17572.0,71,12,226.75000000000003
14078.0,101,65,1049.37
14001.0,45,39,2043.0800000000002
15525.0,2,156,734.37
14237.0,373,9,161.0
17905.0,71,33,798.99
15485.0,30,85,2564.5
16955.0,184,25,518.67
15350.0,373,5,115.65
15605.0,36,67,1198.23
18144.0,7,43,2888.75
15922.0,373,11,369.5
14594.0,7,52,363.33
15165.0,373,27,487.75
16456.0,99,110,2158.18
17346.0,3,483,2622.88
17643.0,373,8,101.55
17841.0,1,7676,40519.84
17873.0,80,43,1848.96
13093.0,275,159,7832.47
12921.0,9,720,16587.09
13468.0,1,302,5704.97
17760.0,21,25,287.59
16928.0,80,204,2814.7
16048.0,373,8,256.44
16274.0,373,65,351.75
14496.0,311,19,538.8100000000001
14696.0,4,130,2078.95
16539.0,2,45,1388.81
17025.0,60,9,357.77
13777.0,0,197,25977.16
17690.0,30,252,4726.8
12947.0,143,97,1603.99
17460.0,94,29,622.4300000000001
18229.0,11,164,7276.900000000001
14142.0,373,22,311.81
17069.0,28,143,2709.7000000000003
13065.0,373,14,205.86
14606.0,1,2677,12076.15
16835.0,128,10,180.85
15235.0,217,143,2247.51
13576.0,10,126,6717.34
18011.0,373,28,102.78999999999999
13090.0,8,155,8910.82
15694.0,0,78,6479.4
14741.0,11,59,1400.34
13715.0,281,104,1077.39
17732.0,372,18,303.97
12855.0,372,3,38.1
15752.0,39,405,2626.6
17855.0,372,17,208.97
14047.0,8,32,1308.6100000000001
17925.0,372,1,244.08
13941.0,21,45,5112.96
17017.0,2,252,8694.26
14135.0,1,134,4690.31
13108.0,372,10,350.06
15601.0,11,410,6776.56
13418.0,11,304,6127.43
15658.0,190,48,1024.1000000000001
14388.0,10,186,3212.84
14901.0,11,96,1421.29
18041.0,11,458,4097.37
15955.0,24,183,4416.26
15070.0,372,1,106.2
16244.0,211,91,1522.75
15111.0,29,84,1567.48
14390.0,10,284,4642.57
16546.0,290,25,787.15
15260.0,100,77,1810.77
13305.0,4,81,2000.86
14491.0,175,17,340.93
14060.0,4,202,6140.42
15923.0,372,21,127.08
16752.0,372,9,207.5
17287.0,26,122,1049.06
15363.0,372,16,326.0
12915.0,148,22,363.65
15544.0,9,259,3546.71
15738.0,18,173,4812.42
17381.0,8,109,20275.61
15827.0,73,115,1836.0900000000001
14180.0,10,240,4748.52
13117.0,21,76,984.91
16916.0,23,136,562.41
17964.0,31,98,463.21
14466.0,29,72,2272.4
17235.0,25,29,550.06
16510.0,372,13,248.1
17802.0,82,140,1285.04
15107.0,311,16,319.5
17976.0,372,57,321.79
14449.0,18,250,885.8
16781.0,372,17,311.25
13491.0,51,86,1215.82
16186.0,22,218,4006.94
17685.0,16,127,3155.83
17581.0,0,439,11025.24
15732.0,212,14,294.12
13138.0,22,63,962.39
15823.0,372,1,15.0
17567.0,7,165,4331.48
15061.0,3,403,54534.14
16203.0,58,35,592.9
15640.0,4,476,12416.11
15574.0,177,152,675.64
16770.0,57,140,757.1
17838.0,26,117,2720.8
17228.0,15,208,1906.09
14829.0,29,42,697.55
17412.0,2,66,1258.06
14031.0,7,250,17286.86
14775.0,58,60,1011.9
12971.0,3,305,11189.91
17659.0,17,158,2999.46
15299.0,67,7,4507.01
15646.0,157,35,447.64000000000004
13402.0,127,39,621.23
17757.0,1,740,5593.39
13011.0,372,3,50.550000000000004
13798.0,1,349,37153.85
16754.0,372,2,2002.4
16634.0,222,9,217.9
18239.0,218,88,1561.6100000000001
14576.0,372,1,35.400000000000006
13145.0,39,6,618.52
18168.0,176,130,1160.04
14395.0,2,348,3479.91
14865.0,7,4,52.2
15093.0,18,108,4597.02
16150.0,42,117,2053.02
17552.0,60,49,930.41
14236.0,80,15,490.86
17961.0,21,249,1296.44
14573.0,179,227,1639.82
17135.0,16,52,1139.73
17396.0,39,27,7330.8
12967.0,358,19,1660.9
13370.0,371,39,754.87
16883.0,187,37,272.48
12841.0,4,414,3991.58
16905.0,5,199,3037.6
17967.0,371,42,112.27
16891.0,1,186,742.43
14589.0,371,3,39.75
14680.0,25,258,28754.11
17884.0,3,113,695.0699999999999
14083.0,4,177,1002.9
13013.0,1,219,4810.9400000000005
14210.0,105,102,1905.8400000000001
16477.0,63,146,2494.46
16013.0,3,139,37130.6
17949.0,1,70,58510.48
16926.0,371,14,230.25
17787.0,152,128,1817.54
14723.0,10,259,1122.3600000000001
17954.0,5,477,2314.13
17819.0,71,48,3704.87
15373.0,8,132,2415.91
16140.0,65,35,725.18
17198.0,23,96,692.22
17238.0,2,555,3719.1
15769.0,7,130,56252.72
14396.0,65,73,487.99
14898.0,23,109,1269.31
16725.0,302,145,758.27
16455.0,63,99,1841.18
13081.0,11,1024,28337.38
15545.0,54,80,288.96999999999997
17243.0,1,387,8540.05
15465.0,19,97,7354.62
13089.0,2,1814,58762.08
16033.0,5,1128,8778.82
13838.0,5,165,674.82
18055.0,7,358,6761.34
15038.0,58,125,685.74
18109.0,1,441,8004.92
13069.0,0,424,4431.44
16241.0,9,655,2590.31
14800.0,47,383,4331.79
15708.0,40,273,3235.25
16839.0,8,266,16594.35
16168.0,10,98,3787.6
16931.0,5,886,4554.87
16814.0,14,319,6416.7
15351.0,12,219,1934.66
13269.0,1,315,5343.28
14813.0,369,29,152.88
17062.0,313,69,533.33
14810.0,40,254,2085.33
16353.0,3,94,6675.71
18118.0,10,1263,5625.08
13831.0,16,72,2198.45
13506.0,316,26,458.52
17796.0,40,81,690.0
15716.0,145,117,1101.1100000000001
18156.0,12,122,675.64
16983.0,12,143,1905.87
17059.0,29,514,3080.39
16327.0,14,317,3820.27
17211.0,26,211,2317.2200000000003
17026.0,185,4,154.82999999999998
15570.0,7,319,4148.82
15880.0,369,96,329.03000000000003
16718.0,369,44,606.0500000000001
15808.0,306,195,3651.27
17858.0,5,197,5140.66
16393.0,2,327,3040.96
14527.0,2,971,8507.13
14161.0,215,104,1097.6200000000001
17863.0,59,148,3160.0
16411.0,19,44,211.7
16402.0,264,57,293.45
15023.0,3,553,6720.41
17402.0,4,59,2633.85
15426.0,19,275,1404.07
15894.0,253,37,258.25
15867.0,5,459,3810.14
14506.0,17,295,1960.65
15555.0,12,887,4794.86
13034.0,54,37,642.77
15889.0,156,85,420.07
15953.0,15,97,1657.28
16143.0,3,117,2424.94
16422.0,17,369,34684.4
12747.0,2,103,4196.01
15502.0,15,213,10384.93
14081.0,302,150,921.62
17965.0,37,325,2599.19
14404.0,33,100,1449.32
13579.0,14,23,467.04
13174.0,16,293,2742.82
15987.0,12,128,1432.77
17677.0,1,303,16345.38
13652.0,45,63,1095.08
17428.0,0,328,17256.85
16858.0,368,10,375.69000000000005
16161.0,1,471,5533.67
18219.0,2,114,2069.77
14293.0,3,61,1046.56
14748.0,29,89,1415.75
16638.0,22,94,1680.72
17674.0,74,27,551.04
13094.0,21,24,1927.3200000000002
15899.0,368,4,56.25
15898.0,1,84,1383.83
14443.0,53,93,1420.2
17691.0,358,19,290.40000000000003
17227.0,18,47,939.32
15039.0,9,1477,19766.59
15919.0,19,122,525.69
13497.0,282,19,348.05
15860.0,40,139,965.16
14189.0,2,265,4654.08
15304.0,60,23,694.4000000000001
14344.0,127,71,889.9300000000001
16719.0,14,196,1770.22
15048.0,65,94,381.0
15301.0,50,242,5049.95
14708.0,2,28,1126.37
16898.0,26,157,501.03
14825.0,3,120,2221.01
18113.0,368,1,76.32000000000001
17596.0,23,265,2806.69
15078.0,7,440,9743.11
14085.0,2,448,4421.29
17860.0,368,52,226.45000000000002
13155.0,33,85,971.76
15028.0,8,48,627.13
16919.0,156,326,2592.25
17259.0,148,116,581.23
17019.0,11,228,1258.08
16722.0,17,225,4730.81
15882.0,198,23,516.36
14667.0,10,567,9175.04
16710.0,19,394,2467.99
15984.0,2,258,2780.63
14487.0,26,140,1165.48
17682.0,10,118,2474.33
16658.0,368,8,123.24
16550.0,108,251,2298.97
17068.0,12,296,4552.14
15356.0,31,499,2718.03
17223.0,310,48,416.89
16817.0,2,86,1604.75
13030.0,11,92,752.4399999999999
17191.0,28,236,2093.68
15194.0,3,310,7616.53
14409.0,71,54,2059.4500000000003
16654.0,141,29,601.27
13495.0,7,48,2044.8700000000001
17519.0,17,82,1844.02
17218.0,4,271,1951.97
17812.0,12,133,699.81
14215.0,11,108,1789.72
15602.0,8,46,1297.8700000000001
17320.0,100,73,1200.6200000000001
12913.0,4,50,2483.63
17869.0,107,40,428.18
13564.0,144,81,1724.67
13963.0,308,35,664.54
17450.0,8,336,194390.79
17091.0,2,195,3827.76
17470.0,44,78,1125.07
17616.0,173,3,571.1999999999999
15649.0,336,2,816.0
14907.0,3,165,3501.1
17735.0,2,690,13110.02
16059.0,65,178,1453.16
17720.0,26,50,1195.94
15018.0,38,31,496.21000000000004
15838.0,11,167,33643.08
14733.0,16,202,9585.91
13756.0,2,142,5189.52
14176.0,297,31,576.9000000000001
15353.0,254,61,770.12
18119.0,367,29,180.7
17491.0,1,109,3558.87
14282.0,3,154,3701.44
13569.0,17,79,338.62
14673.0,3,74,1736.4
13488.0,17,422,8968.31
16221.0,36,95,860.86
15002.0,115,115,1641.76
15965.0,17,111,808.87
15024.0,9,152,1636.43
17675.0,1,705,20374.28
13769.0,2,135,2796.51
16904.0,4,665,3653.75
16086.0,59,39,1121.39
13786.0,367,7,230.39999999999998
13880.0,21,165,3219.77
13173.0,4,43,353.65
15858.0,15,188,1427.57
15180.0,367,6,87.5
14739.0,4,60,3902.28
16293.0,21,118,2248.9900000000002
17419.0,11,206,4226.57
16775.0,10,157,1691.51
16306.0,213,41,632.27
16950.0,56,42,1178.56
17591.0,73,157,2203.67
12839.0,2,314,5591.42
13807.0,367,7,112.6
16125.0,367,13,289.35
15081.0,22,33,504.8
18102.0,0,431,259657.3
16365.0,17,51,1540.42
17870.0,2,270,1865.89
14821.0,366,2,48.800000000000004
16863.0,31,26,502.8
13078.0,3,358,12627.94
13267.0,2,211,4521.49
13050.0,14,403,5836.86
15628.0,4,155,2870.2400000000002
16779.0,2,331,10611.720000000001
13599.0,1,246,5149.92
13329.0,31,17,789.0
18077.0,8,223,2584.41
14744.0,16,26,1099.98
17406.0,333,111,2184.42
15750.0,2,291,2463.05
13983.0,29,107,2603.43
13842.0,58,206,3385.62
14796.0,1,1132,7975.49
13199.0,3,119,9817.12
14032.0,2,143,2975.59
17706.0,4,382,10504.49
16081.0,56,223,2799.42
16525.0,2,183,13027.45
17975.0,15,293,4483.26
16122.0,73,38,684.4200000000001
13126.0,4,140,2099.64
15973.0,366,4,307.82000000000005
16558.0,0,460,8338.49
16893.0,366,45,145.93
15021.0,8,444,1871.77
15529.0,22,662,3962.6
15498.0,2,512,13316.4
18043.0,24,115,529.29
16016.0,3,224,1465.51
17722.0,96,115,2424.04
17324.0,17,49,986.48
17341.0,156,157,682.29
14051.0,0,210,15610.390000000001
16233.0,71,22,536.6800000000001
16385.0,60,57,554.86
15032.0,256,52,4959.1
16713.0,18,619,6910.78
17213.0,40,157,2781.23
18061.0,21,46,2119.41
15916.0,16,151,1502.8600000000001
15221.0,366,5,403.25
13455.0,24,46,1058.34
13113.0,0,200,12245.960000000001
14217.0,1,100,2004.98
17262.0,52,12,1253.3600000000001
18259.0,24,42,2338.6000000000004
17676.0,4,77,1371.18
16679.0,366,3,129.75
18269.0,366,7,168.6
15298.0,2,192,4799.9
13523.0,33,172,3964.88
15005.0,15,1112,6295.37
15581.0,120,146,3675.77
15680.0,9,78,1333.68
13649.0,256,23,346.6
17894.0,71,192,1118.96
13270.0,366,1,590.0
14866.0,10,99,14389.9
13077.0,1,111,728.02
13531.0,205,22,483.8
13848.0,92,5,1255.0
13140.0,108,45,422.47
15713.0,143,19,356.7
17999.0,37,91,380.39
15347.0,366,5,201.60000000000002
14766.0,8,135,2473.37
17340.0,29,407,12353.29
13984.0,26,16,920.51
15996.0,88,127,1032.58
14030.0,18,242,2358.84
16596.0,15,12,250.15
16700.0,8,308,5076.55
16011.0,8,210,3352.96
17655.0,10,91,2638.94
16717.0,23,198,3843.08
14243.0,8,141,2588.77
12963.0,8,95,1856.63
15079.0,212,47,895.61
14437.0,365,5,63.0
12942.0,131,70,675.6
15660.0,25,90,1600.86
18092.0,2,89,9068.26
15358.0,4,551,8347.2
13319.0,5,476,10845.550000000001
14299.0,8,143,3965.62
18071.0,257,25,453.0
13854.0,8,110,8109.5199999999995
16782.0,10,183,2267.9500000000003
13369.0,365,14,308.28000000000003
17857.0,4,54,26879.04
14987.0,15,4,326.4
14355.0,365,11,174.4
17526.0,4,19,1195.8999999999999
14896.0,204,43,468.77000000000004
14440.0,8,55,2357.6800000000003
13240.0,96,67,663.65
14479.0,253,18,316.25
16065.0,365,73,367.14
17430.0,32,14,265.76
16520.0,186,156,1046.57
15945.0,365,2,181.0
15856.0,4,628,16143.64
13102.0,1,304,6424.09
15271.0,7,264,2493.34
13982.0,39,111,1871.81
15288.0,43,88,2306.52
17978.0,365,12,300.91999999999996
16795.0,365,66,414.88
16519.0,25,13,215.07999999999998
17816.0,36,17,36.56
16255.0,16,270,2619.91
17671.0,15,53,1572.71
17646.0,219,51,1008.39
12872.0,326,66,599.97
17339.0,94,9,243.36
15192.0,119,51,1044.32
15380.0,8,36,1690.2600000000002
17950.0,72,71,482.2
12826.0,2,91,1474.72
17456.0,365,17,249.86
15811.0,22,133,2218.62
13327.0,38,108,3627.77
18225.0,3,269,5504.96
15211.0,60,52,894.4100000000001
15596.0,100,77,1406.59
16163.0,232,6,856.6
16907.0,29,140,928.76
17576.0,8,402,3564.83
14713.0,9,338,2662.2
14702.0,1,342,3251.79
13230.0,4,587,2755.63
13969.0,7,619,9024.17
17530.0,1,390,2367.12
15805.0,23,299,5488.18
17696.0,38,115,2285.71
17076.0,36,25,841.0799999999999
17827.0,5,215,1987.33
16265.0,9,258,5447.0
17880.0,364,26,458.92
13000.0,106,31,534.85
16499.0,360,19,365.45
17790.0,26,189,1964.3
14419.0,10,202,1051.79
14082.0,364,29,182.25
17912.0,310,37,310.06
15723.0,364,38,190.7
16656.0,22,73,8625.8
14037.0,176,28,147.20000000000002
14256.0,260,53,969.0600000000001
14543.0,28,71,3599.73
16062.0,9,64,1153.62
18116.0,67,371,1403.1100000000001
16019.0,46,160,3786.2400000000002
18178.0,128,97,1590.81
18065.0,5,137,2392.83
14952.0,59,138,8099.49
13148.0,29,312,3683.26
12989.0,3,64,6924.110000000001
14107.0,51,123,2703.23
15881.0,312,29,501.39000000000004
16727.0,364,44,256.32
15514.0,12,166,4023.7200000000003
13787.0,75,31,309.04
17865.0,30,370,10526.32
17220.0,24,467,3187.55
16565.0,364,3,173.7
16873.0,4,279,7123.62
14062.0,9,111,10464.85
18016.0,32,122,1477.66
14448.0,9,20,375.35
15503.0,362,66,141.04
17251.0,362,37,269.83
16923.0,12,626,7069.08
14159.0,19,1175,4630.35
14577.0,12,123,859.71
17126.0,152,248,989.45
17236.0,12,105,916.13
17372.0,40,251,1337.18
16367.0,37,127,800.67
12875.0,143,2,343.2300000000001
17917.0,45,92,335.03
16010.0,245,79,392.4
17085.0,123,186,1562.4
15224.0,358,14,322.08
13668.0,2,463,6309.83
14684.0,25,390,1201.51
17188.0,11,84,2474.23
15547.0,7,695,4910.6
15998.0,36,504,3080.22
14413.0,362,22,121.05
18004.0,362,37,157.92
13959.0,79,90,594.04
16665.0,362,9,135.39999999999998
15454.0,362,25,179.1
15044.0,19,444,7634.7300000000005
17937.0,8,43,4301.22
14608.0,4,20,1785.15
17618.0,5,67,930.28
14505.0,17,785,5859.43
18037.0,154,19,70.02
13198.0,10,226,3401.2400000000002
13225.0,3,32,6463.84
15361.0,361,7,418.92
15689.0,119,9,254.1
14290.0,11,101,2314.65
13209.0,30,321,5891.61
13999.0,10,208,3901.81
14498.0,42,193,1957.32
15854.0,4,138,2969.12
16701.0,8,144,5398.3
16927.0,115,6,543.05
17990.0,236,29,630.84
14544.0,24,111,2004.3
17338.0,17,721,6493.54
17799.0,22,404,3039.17
14565.0,95,127,3099.12
16726.0,26,178,1358.74
17303.0,361,53,250.04
14639.0,52,172,2984.49
17611.0,7,567,3961.12
17231.0,12,531,3124.72
17179.0,178,80,711.79
17524.0,361,6,145.0
17293.0,8,132,1854.06
17890.0,322,91,586.89
17375.0,199,69,400.1
17371.0,17,86,418.4
17969.0,166,14,228.2
14625.0,196,53,899.63
15159.0,1,710,18641.010000000002
13211.0,10,55,1095.42
15777.0,241,21,1047.11
14525.0,19,282,4215.9
13324.0,36,75,7121.95
13948.0,360,3,102.0
16202.0,360,18,365.27
16442.0,1,171,609.3
18075.0,23,142,2611.75
14524.0,31,197,1843.83
14961.0,10,312,7044.68
17041.0,26,69,1071.49
16458.0,2,202,3482.7400000000002
16083.0,100,31,1317.62
17194.0,273,29,262.62
14057.0,23,283,6211.66
14871.0,3,93,501.28000000000003
13178.0,26,265,5725.47
18044.0,4,127,2088.6
16812.0,360,15,479.35
16191.0,2,134,5180.52
14298.0,8,1637,51527.3
17158.0,32,67,1266.97
16899.0,7,123,1271.06
16531.0,22,77,1244.59
14415.0,1,579,5855.57
16556.0,66,207,3313.79
16805.0,173,98,460.59
16503.0,106,84,1431.93
16553.0,163,84,5719.82
17739.0,11,47,2791.35
13238.0,17,31,700.73
12829.0,336,11,293.0
13097.0,32,421,6003.22
15392.0,4,84,1535.53
13846.0,24,55,865.0600000000001
12867.0,26,534,4009.34
14401.0,4,182,4051.48
16145.0,8,224,3799.4900000000002
17629.0,5,123,1814.12
14150.0,35,26,658.64
13496.0,10,35,653.33
13611.0,89,72,1154.4
16954.0,0,54,2085.08
17454.0,192,61,517.53
17449.0,2,276,2519.21
13295.0,359,10,201.20000000000002
17230.0,264,69,3638.41
15384.0,169,41,642.41
15950.0,31,97,1744.71
15512.0,155,7,121.0
17525.0,359,9,422.70000000000005
13458.0,7,382,9646.57
16003.0,29,103,2735.37
13092.0,70,25,477.83
13426.0,0,157,3641.32
15101.0,8,8,317.53
17033.0,86,28,1030.14
13221.0,240,66,847.41
14201.0,60,37,747.44
17692.0,127,46,740.9399999999999
15822.0,3,33,885.47
16134.0,21,35,618.09
17551.0,359,39,290.34
18050.0,359,5,74.4
14913.0,35,87,1227.43
15641.0,105,119,1887.2
13124.0,89,222,3756.33
17214.0,60,101,1059.1200000000001
15456.0,283,58,434.59000000000003
15062.0,71,57,987.86
12928.0,35,84,2062.7000000000003
15727.0,16,301,5159.06
17980.0,165,30,811.45
15290.0,4,204,7943.22
17752.0,359,1,80.64
15615.0,10,423,10399.74
17189.0,106,60,383.75
17496.0,358,10,271.05
16607.0,17,172,3347.71
13317.0,66,124,2273.68
13890.0,1,110,1883.8100000000002
17001.0,0,169,3989.57
15246.0,238,33,514.15
15482.0,15,97,10879.76
13021.0,4,131,2616.38
16037.0,269,39,855.02
14841.0,53,138,3295.76
16670.0,16,252,4095.9
16985.0,17,120,5464.12
16705.0,0,270,14034.99
14414.0,91,97,1496.98
15563.0,22,113,1400.44
12980.0,157,20,7374.900000000001
16746.0,4,444,6680.11
16470.0,51,164,752.77
14878.0,12,122,1476.09
16743.0,29,190,2213.13
17146.0,105,35,749.78
12877.0,3,154,1535.77
15394.0,9,85,2183.54
14621.0,1,92,1788.3600000000001
15379.0,169,194,3703.29
14309.0,8,117,2352.53
17288.0,9,140,1417.63
14709.0,15,196,4921.04
15157.0,3,125,1936.07
17744.0,3,136,2322.4
16316.0,64,151,2938.91
15620.0,56,100,1553.18
15789.0,358,25,351.3
16560.0,26,56,841.41
13534.0,2,296,5870.08
17580.0,252,45,215.72
15759.0,218,7,253.04
14373.0,358,4,76.55
18176.0,358,30,476.35
14092.0,7,214,4076.91
15366.0,75,44,602.51
14735.0,3,194,6065.69
16271.0,2,130,1404.64
18223.0,4,272,6484.54
15532.0,25,251,1564.73
16816.0,103,28,417.06
16684.0,4,277,66653.56
14334.0,16,162,2552.21
16945.0,21,249,4345.5
14643.0,170,31,693.8100000000001
15197.0,10,32,1079.6100000000001
14220.0,247,21,632.4
13874.0,358,18,540.45
18260.0,172,133,2628.35
17848.0,81,51,901.1999999999999
17392.0,306,56,417.27
14985.0,198,83,292.01
13004.0,11,404,5655.91
14560.0,7,74,2237.77
12931.0,21,82,42055.96
13627.0,59,92,1638.47
14769.0,2,1062,10416.98
15780.0,183,29,475.28000000000003
17315.0,1,471,6281.23
16711.0,3,22,1651.03
15204.0,357,9,316.58
17888.0,21,65,716.0
17007.0,50,52,889.9300000000001
15160.0,357,4,158.16
13033.0,357,11,190.55
13869.0,123,304,3083.65
14146.0,8,210,4191.0
16885.0,15,96,450.41
17913.0,58,58,408.65
14472.0,103,265,1852.67
17358.0,303,58,360.81
16686.0,47,544,2959.88
18245.0,7,175,2567.06
17343.0,355,17,193.64
16153.0,49,89,1824.23
12944.0,35,30,604.51
15279.0,354,19,290.51
14099.0,16,250,3104.17
13104.0,3,20,1098.48
14113.0,3,34,1840.42
13027.0,113,26,6912.0
15312.0,75,47,924.85
17621.0,21,26,1379.9
17090.0,4,61,1974.65
15527.0,18,162,2428.53
18097.0,7,106,2662.4
15460.0,354,56,214.26
15034.0,15,390,4274.16
15208.0,1,42,870.12
16996.0,30,37,1456.96
17306.0,10,66,8631.31
14737.0,3,17,1164.55
13029.0,30,10,1247.5
16270.0,353,54,1141.24
13487.0,57,34,575.4
17400.0,126,206,2097.84
17593.0,3,212,3923.86
13953.0,7,20,3515.68
14533.0,24,62,1949.72
14532.0,236,64,932.85
15562.0,351,1,134.55
15587.0,50,9,913.6800000000001
13922.0,351,7,172.25
13165.0,46,42,1021.48
13304.0,351,21,300.42
13313.0,22,78,1555.32
16875.0,67,112,2095.53
16282.0,339,11,168.3
12957.0,9,238,4017.54
14462.0,66,233,1980.57
13397.0,72,38,1544.13
13680.0,1,194,3719.12
15164.0,68,101,824.58
17457.0,126,19,1737.7
14732.0,8,147,2702.4900000000002
14221.0,42,193,3432.8
14553.0,19,113,859.27
13253.0,156,36,1030.4
15841.0,72,47,1224.06
16112.0,143,16,195.73999999999998
13629.0,23,59,7792.36
16600.0,4,62,813.52
15661.0,317,5,309.8
16532.0,17,4,6748.8
15266.0,338,6,119.3
14653.0,1,234,1926.65
16771.0,33,254,2242.61
17585.0,109,208,1116.68
15046.0,9,201,5090.42
13082.0,126,73,3613.63
15464.0,338,155,1044.65
18226.0,44,242,5228.05
18062.0,173,27,720.52
17368.0,23,107,1878.87
14618.0,9,16,553.44
14258.0,9,111,12669.98
15719.0,32,931,5030.07
13368.0,256,29,623.4
17634.0,36,296,2358.59
16676.0,33,89,1592.1200000000001
18283.0,3,721,2045.53
13764.0,70,207,1519.42
13656.0,164,49,379.65
14312.0,46,87,1611.59
13280.0,122,82,798.46
15845.0,17,138,3711.77
13187.0,337,37,236.02
16567.0,194,35,865.6
14828.0,196,17,2139.76
16551.0,95,32,922.12
16889.0,194,135,1578.67
16473.0,164,18,316.11
13750.0,53,24,1647.26
15607.0,336,13,104.76
15139.0,239,13,178.96
17707.0,185,5,152.4
18198.0,4,159,5425.56
18179.0,9,90,1793.17
17284.0,60,291,1647.48
13233.0,74,43,605.12
14889.0,336,10,135.9
14672.0,234,61,765.55
13593.0,108,127,2011.88
14867.0,185,36,710.28
13162.0,122,79,1688.29
13183.0,7,94,3957.78
17095.0,22,74,1324.16
12939.0,64,47,11581.8
15611.0,9,43,1591.45
17114.0,5,123,801.12
15059.0,40,237,1337.72
16326.0,5,300,3039.2200000000003
17128.0,334,14,157.09
14761.0,58,11,255.9
17555.0,19,105,480.31
16735.0,78,116,2247.41
16833.0,1,47,1106.53
17800.0,37,103,1187.21
16748.0,17,69,1515.9
14755.0,9,235,5010.28
16549.0,10,925,4034.9
13565.0,19,38,240.22
15799.0,75,98,884.14
18032.0,334,5,73.5
13451.0,26,433,2898.2599999999998
14794.0,2,80,1319.91
16350.0,21,57,1116.47
18171.0,58,54,1231.31
17811.0,4,828,7761.82
16850.0,333,19,332.41
14321.0,10,123,1530.75
15326.0,333,29,311.71
17849.0,218,26,605.8000000000001
14229.0,51,40,1547.2
13107.0,44,58,1531.6200000000001
16497.0,49,136,2965.69
16303.0,25,162,5360.63
15281.0,58,139,2332.15
13473.0,60,21,422.64
14320.0,206,31,477.79
17742.0,113,15,355.11
16351.0,332,8,153.9
13144.0,332,3,110.95
15346.0,332,17,252.42000000000002
15370.0,40,94,2386.05
16034.0,196,22,437.7
17365.0,12,465,4767.36
15189.0,1,212,16225.39
14669.0,241,166,1259.24
18095.0,312,21,580.0500000000001
15749.0,235,10,44534.3
15518.0,64,210,1921.55
14209.0,10,87,2073.43
16042.0,22,70,1177.47
15569.0,103,31,1375.71
13672.0,301,6,186.39000000000001
17569.0,332,29,344.14
13784.0,9,31,2462.79
13862.0,18,139,2209.36
16791.0,29,314,1705.78
16235.0,40,46,867.31
14270.0,331,29,492.65000000000003
16655.0,17,258,3789.52
16359.0,7,66,1750.92
16554.0,42,52,837.1
15939.0,89,76,6115.01
14587.0,18,371,1580.29
14715.0,24,71,867.38
14185.0,331,3,197.65
14040.0,40,229,3560.32
14514.0,61,69,990.2
15171.0,331,5,1289.5
14167.0,39,50,562.59
17389.0,0,213,31833.68
17048.0,117,43,925.35
17364.0,0,406,4462.68
13284.0,330,13,201.19
16500.0,4,11,400.86
12951.0,8,63,1064.07
15835.0,44,50,954.09
18190.0,192,15,284.46000000000004
13993.0,42,121,3466.36
14114.0,273,15,386.53
15447.0,330,9,155.17
16315.0,330,14,226.37
14978.0,72,214,1921.3700000000001
16395.0,60,206,1482.06
15510.0,330,1,250.0
13614.0,24,195,1585.46
13246.0,18,136,1961.52
15687.0,8,166,2993.1
16493.0,79,56,1351.63
13385.0,329,35,534.57
15626.0,74,49,675.8
15213.0,318,24,328.35
14175.0,59,149,3222.3
18106.0,329,37,421.9
15033.0,4,501,2557.18
14329.0,17,258,4975.24
16401.0,1,186,4098.32
16206.0,54,63,537.0600000000001
13782.0,12,113,908.86
12924.0,88,30,933.7
16593.0,50,27,330.03
15535.0,173,72,502.9
13700.0,26,194,2248.63
13064.0,12,68,1105.59
13048.0,14,135,1819.41
13634.0,33,186,1547.3600000000001
18069.0,26,457,2009.24
16843.0,42,378,10196.57
17064.0,58,61,855.45
17609.0,40,233,1105.78
15673.0,88,138,2726.23
14976.0,57,72,790.86
13527.0,33,217,2242.36
15696.0,33,168,2711.11
15316.0,326,1,165.0
15296.0,50,194,3672.86
17988.0,11,38,201.12
12820.0,3,59,942.34
13001.0,4,337,9785.970000000001
14101.0,73,35,5976.79
14238.0,326,8,146.85
17730.0,3,218,5298.4800000000005
13929.0,169,9,842.65
14657.0,17,126,848.22
13859.0,326,28,201.16
18212.0,326,34,216.07
18233.0,325,1,440.0
17018.0,40,16,920.1
14242.0,234,16,280.55
12346.0,325,1,77183.6
13898.0,325,12,155.93
16948.0,138,19,435.02
16997.0,288,12,702.0
15395.0,325,7,107.45
13263.0,1,1667,7436.93
14428.0,7,137,1224.06
17708.0,187,34,263.33
14090.0,324,1,76.32000000000001
15606.0,61,77,2920.16
13310.0,28,72,1132.03
15831.0,58,66,794.64
14916.0,70,77,1268.98
17602.0,2,551,5054.42
14572.0,3,262,2804.54
13502.0,16,18,292.0
14784.0,26,15,289.99
15938.0,112,18,404.58
17418.0,42,30,463.46000000000004
14779.0,280,41,386.15
15262.0,323,10,178.95000000000002
17862.0,323,11,330.9
17771.0,56,54,245.81
15422.0,323,6,97.7
13008.0,323,14,229.46999999999997
14770.0,232,52,876.42
16912.0,28,100,2555.58
15174.0,322,11,135.75
17504.0,206,127,2997.0299999999997
16387.0,322,4,94.36
16618.0,31,96,2647.59
17277.0,227,69,1065.3500000000001
14088.0,10,589,50491.81
17094.0,322,14,302.0
14692.0,137,68,591.55
12970.0,7,129,405.47
17889.0,212,20,201.37
17714.0,320,10,153.0
12916.0,138,103,2944.95
17769.0,12,304,3957.43
14450.0,180,40,483.25
16085.0,23,167,981.51
13659.0,205,103,1563.0
15167.0,320,39,158.8
15443.0,1,372,3213.59
14224.0,110,113,1009.73
13742.0,16,313,3107.87
17673.0,1,218,1594.97
14068.0,320,24,265.85
13068.0,10,2,344.0
14368.0,319,8,155.0
15497.0,17,15,1262.2
13819.0,301,36,1140.35
14501.0,183,10,251.21
14782.0,319,6,200.10000000000002
17861.0,3,219,2097.88
18161.0,15,80,1618.69
15820.0,319,17,206.98
18136.0,63,38,784.33
16660.0,16,16,1267.6499999999999
13396.0,29,43,1360.99
15179.0,18,93,2206.95
12935.0,2,129,2160.7
16730.0,52,82,743.11
14541.0,58,105,1453.35
13551.0,319,4,91.80000000000001
15797.0,113,8,2207.4
15052.0,319,28,207.73000000000002
14130.0,319,66,480.91
15222.0,318,5,585.0
13615.0,318,23,417.69
13901.0,72,149,2867.2
13158.0,94,79,1201.06
14257.0,64,106,3099.7200000000003
15218.0,10,166,5756.89
15110.0,23,35,996.1
15967.0,23,80,397.68
16757.0,318,7,106.83000000000001
18008.0,70,30,2116.19
14534.0,2,508,4397.3
13703.0,318,1,99.5
15339.0,66,86,574.07
12854.0,78,109,1316.25
16222.0,318,122,773.5500000000001
14341.0,45,128,2166.98
13168.0,36,126,1299.59
16943.0,211,33,816.73
17515.0,31,87,639.02
17082.0,33,81,2003.85
14248.0,318,8,302.58
13002.0,318,7,120.94999999999999
16133.0,3,338,14589.04
13049.0,64,14,656.6800000000001
14548.0,150,4,652.8
13405.0,74,27,572.451
16043.0,37,39,773.99
14049.0,16,478,5578.72
15812.0,107,41,1801.14
13837.0,211,18,266.59000000000003
17118.0,317,10,157.02
14616.0,242,3,406.08000000000004
14233.0,49,35,1462.72
17075.0,17,77,834.12
16714.0,218,87,1129.06
13098.0,1,572,28882.44
17027.0,78,148,877.5600000000001
17786.0,85,68,266.85
16124.0,317,11,249.0
16409.0,36,231,2022.98
13754.0,151,12,282.59999999999997
15227.0,36,58,1219.4
12997.0,22,59,1226.89
16918.0,49,128,1068.82
16882.0,66,39,705.12
16496.0,8,95,1599.52
17311.0,78,55,1384.85
15910.0,0,266,1228.88
16949.0,3,60,1286.27
14970.0,68,34,1592.06
14701.0,10,327,2526.09
16767.0,30,221,5575.56
14738.0,42,54,1314.45
17540.0,24,25,578.9
14239.0,43,112,2380.85
18125.0,29,192,1131.75
13328.0,316,17,1308.48
15549.0,77,114,1681.46
15864.0,22,20,1936.3200000000002
14662.0,28,157,741.37
17180.0,56,125,783.97
15057.0,275,25,1489.5
13330.0,92,53,1140.93
13552.0,66,109,3740.07
12853.0,134,78,1957.1000000000001
13538.0,43,25,1280.85
16755.0,114,165,1475.43
14133.0,129,28,605.64
16523.0,1,290,9418.470000000001
14659.0,8,253,2529.93
13141.0,84,135,2388.75
15365.0,25,114,2314.32
13707.0,267,48,806.41
13709.0,3,335,6307.650000000001
17329.0,14,33,523.11
14805.0,15,46,546.4
16897.0,299,37,289.78
15579.0,68,48,327.6
14595.0,19,102,1740.6
13161.0,313,8,112.75
15415.0,313,47,559.61
17431.0,313,43,403.3
17463.0,16,208,1875.86
14502.0,19,608,2429.83
17239.0,312,15,382.5
14426.0,23,224,4481.67
15448.0,312,28,494.64
17314.0,24,131,2527.92
17373.0,40,57,646.92
18145.0,12,221,2861.55
14467.0,17,89,596.26
12908.0,176,2,750.0
15144.0,8,217,6580.44
14776.0,51,117,2538.3
16403.0,312,10,177.5
16407.0,12,168,2079.68
17619.0,312,74,214.37
17256.0,107,16,240.0
17604.0,217,63,309.36
14006.0,115,30,962.19
13600.0,312,19,219.52
15058.0,25,266,2102.54
15240.0,44,78,1706.57
17147.0,22,81,1714.59
13881.0,3,178,17159.52
16570.0,15,126,3738.4
16612.0,32,66,1187.66
17356.0,311,19,178.22
12836.0,59,174,2610.36
14850.0,311,21,325.75
13939.0,23,45,568.55
16745.0,86,355,7180.7
13606.0,29,40,276.75
13494.0,311,18,316.26000000000005
13802.0,138,60,4599.42
12929.0,311,8,117.85
16419.0,112,50,958.71
17035.0,245,28,433.53000000000003
15203.0,25,142,1827.8
16515.0,52,111,1624.14
18202.0,199,68,1396.99
14549.0,311,56,289.24
15981.0,24,97,3408.48
16110.0,45,342,1320.95
17376.0,70,24,203.2
13110.0,31,145,1488.67
16716.0,266,2,901.2
15940.0,311,1,35.8
15971.0,17,35,4199.85
14665.0,60,90,1835.7
14457.0,310,4,113.64
15589.0,255,29,478.53000000000003
14411.0,310,14,1063.0
17560.0,94,26,854.95
15226.0,310,8,154.41
14460.0,110,16,434.34
16156.0,8,128,3092.04
13728.0,36,63,1016.14
14127.0,122,44,709.71
16378.0,247,23,362.95
13894.0,23,27,564.62
13824.0,32,46,1698.94
18250.0,310,21,349.27
15270.0,15,41,2379.49
14188.0,30,65,2054.36
18017.0,81,3,523.0
15421.0,58,53,950.36
17446.0,176,9,120.9
14798.0,52,12,173.74
12990.0,31,13,409.5
17337.0,151,521,1981.06
16405.0,302,5,167.25
17071.0,28,140,2429.03
13873.0,119,23,389.6
17362.0,239,35,312.23
13394.0,1,155,2520.02
16333.0,7,45,26626.8
16030.0,309,29,331.24
14044.0,26,206,646.42
13800.0,309,33,558.32
17672.0,50,110,3178.17
13581.0,309,10,118.0
14540.0,9,71,952.66
13539.0,85,37,631.34
15885.0,92,18,379.35
14497.0,309,29,475.37
17507.0,261,88,605.58
13208.0,58,148,1217.65
17334.0,302,11,307.02
13871.0,22,336,6403.25
16938.0,8,235,2711.6800000000003
17929.0,11,5,843.0
14778.0,127,35,730.86
17517.0,308,11,153.94
17226.0,308,21,393.49
13137.0,10,687,3603.29
13725.0,49,104,1980.56
13309.0,7,107,1456.79
12842.0,70,34,1118.99
16109.0,218,18,611.88
17291.0,308,1,550.8000000000001
15090.0,308,23,381.32
15199.0,59,13,1268.7
13911.0,57,148,2580.91
14194.0,4,579,11349.52
14842.0,43,145,2824.69
13584.0,306,24,142.4
17105.0,159,90,665.78
14438.0,306,9,131.9
12956.0,306,19,108.07
15781.0,25,20,345.46
14410.0,92,189,1100.27
14600.0,305,25,393.33000000000004
17302.0,14,79,1135.63
17613.0,22,306,4544.55
13334.0,82,265,3502.32
13955.0,154,33,322.96
17162.0,28,104,1715.46
17774.0,96,153,1213.73
15407.0,33,148,1046.74
15577.0,151,39,258.88
16332.0,28,151,1582.8
14048.0,305,85,409.93
14475.0,71,42,925.85
17859.0,304,23,141.92000000000002
15753.0,304,1,79.2
14562.0,3,419,5006.77
16951.0,134,86,1277.75
16998.0,149,4,295.0
13133.0,273,7,109.8
17881.0,304,8,133.35000000000002
15843.0,303,8,118.95000000000002
17083.0,109,52,1405.78
15970.0,303,11,314.1
13590.0,11,87,1981.92
17537.0,29,74,887.67
17843.0,303,37,205.48
13706.0,302,20,330.79
17940.0,49,18,4020.04
17686.0,7,286,5739.46
14431.0,302,17,470.36
15809.0,36,35,515.77
14465.0,246,123,1038.44
18093.0,93,36,2106.52
16027.0,91,16,934.62
12857.0,210,46,1106.4
18230.0,9,86,2810.2000000000003
16425.0,302,21,302.7
16842.0,100,63,1264.19
15796.0,1,132,2708.61
14555.0,57,19,312.54
15114.0,30,197,2760.56
15133.0,127,29,982.42
17705.0,3,103,1823.52
12897.0,204,4,216.5
17512.0,28,105,2924.9900000000002
15550.0,4,61,575.63
18159.0,301,23,530.15
13875.0,53,104,1786.79
15406.0,31,53,510.71000000000004
17282.0,130,89,1685.46
16434.0,29,107,1511.8
17050.0,96,308,3185.64
13171.0,21,46,468.41
17472.0,191,174,697.54
17255.0,40,74,291.48
16084.0,299,38,436.18
17667.0,66,116,2055.51
14631.0,50,41,1006.98
13381.0,31,172,3639.31
15236.0,298,15,321.05
13475.0,191,86,1431.78
13717.0,32,102,1445.01
13157.0,49,87,1741.22
14644.0,67,26,830.76
12993.0,23,27,414.76
17571.0,50,271,1425.67
16979.0,3,89,1852.0
16738.0,297,1,3.75
15122.0,114,82,1633.78
17612.0,53,135,2048.45
17348.0,14,213,1156.6
13893.0,297,21,821.1
14035.0,28,66,1428.02
13623.0,30,78,727.74
14346.0,120,60,1021.58
16431.0,213,76,623.28
16317.0,119,69,1341.65
16073.0,297,1,122.39999999999999
14477.0,19,10,1309.6
14760.0,297,5,89.2
14897.0,7,55,1366.38
15810.0,78,89,1391.98
16509.0,296,13,363.7
14386.0,296,7,142.4
14530.0,25,213,2862.11
15670.0,296,12,173.05
16126.0,29,117,6287.77
14609.0,72,4,601.56
13414.0,133,24,1390.5
12823.0,74,5,1759.5
14944.0,29,170,5900.25
16494.0,296,50,826.53
14959.0,64,59,695.42
16148.0,296,1,76.32000000000001
17422.0,16,117,1979.37
17175.0,44,63,1443.69
18257.0,39,118,2337.63
13018.0,16,458,7277.7
13718.0,246,12,306.55
15382.0,14,302,5955.71
14754.0,44,41,638.05
13151.0,295,74,1257.8700000000001
13085.0,157,22,416.08000000000004
15903.0,9,74,5126.76
15785.0,32,83,2328.9700000000003
18138.0,295,8,152.65
14379.0,44,46,348.1
14211.0,53,112,2241.1
14371.0,295,4,100.5
13425.0,108,78,1624.21
12852.0,294,17,311.55
15228.0,66,125,3386.71
13012.0,9,88,1646.8400000000001
16182.0,72,28,6617.65
13489.0,105,14,449.52
13904.0,37,26,332.64
15755.0,10,141,2364.25
13932.0,294,16,307.4
13799.0,116,39,688.86
13951.0,176,39,674.45
16765.0,294,1,34.0
16566.0,15,18,614.66
12891.0,185,3,331.0
16466.0,33,146,1595.96
16115.0,9,279,1660.8799999999999
14162.0,173,25,289.36
13301.0,103,81,618.09
14803.0,162,44,845.55
13744.0,95,63,1080.52
12988.0,292,83,505.82
17323.0,15,195,906.52
18094.0,81,70,3017.3
15129.0,50,84,3447.4
17361.0,49,29,488.2
18155.0,75,25,371.62
15321.0,70,95,2748.31
13477.0,37,79,1454.58
15065.0,37,155,3158.13
16980.0,255,81,1028.46
15146.0,164,91,1327.16
13410.0,24,28,1003.06
13044.0,291,33,560.47
16441.0,67,24,381.2
16014.0,37,138,646.83
14520.0,1,4,270.6
18087.0,98,2,4055.7199999999993
17994.0,121,79,674.89
13038.0,80,28,908.46
17002.0,85,49,1493.73
15722.0,35,67,2211.21
16349.0,290,9,53.5
16913.0,290,8,113.44
17442.0,36,135,2248.56
14895.0,7,498,11138.710000000001
18114.0,290,28,220.1
15303.0,290,31,574.02
12845.0,267,27,354.09
18188.0,15,71,2001.04
16045.0,119,83,1340.7
16573.0,84,42,663.61
13421.0,40,102,1833.71
18196.0,95,139,686.63
13285.0,23,187,2709.12
13184.0,14,179,1668.95
18151.0,134,38,653.35
13804.0,30,135,2588.39
17499.0,289,40,622.88
15397.0,289,6,94.0
14276.0,98,64,1119.74
13453.0,165,17,356.97999999999996
18172.0,14,189,7561.68
16394.0,56,83,1555.34
17711.0,10,23,385.1
13865.0,58,30,501.56
16940.0,52,305,3049.88
14289.0,8,47,911.26
16208.0,44,66,664.26
17063.0,21,78,1461.14
13149.0,14,86,1676.06
18068.0,289,1,101.69999999999999
15932.0,4,115,2495.87
16692.0,256,3,1276.0
17171.0,289,16,224.91
18231.0,192,123,2071.77
14004.0,43,171,4582.64
17139.0,15,477,10650.77
14513.0,100,12,455.59000000000003
15974.0,39,176,3442.15
17830.0,1,23,398.7
14231.0,183,50,925.71
17867.0,30,68,1157.8700000000001
14880.0,77,46,690.59
13118.0,19,79,1197.81
15121.0,50,28,457.72
17117.0,288,9,116.19999999999999
12945.0,288,23,462.95
18056.0,288,19,363.65
16072.0,288,23,584.3199999999999
16838.0,197,25,588.85
15543.0,288,28,127.86
13751.0,288,9,296.25
15847.0,38,22,389.27
13851.0,95,81,2651.46
13345.0,287,20,389.5
13870.0,2,115,2770.94
17034.0,16,30,745.52
16592.0,4,216,4113.68
15712.0,9,53,1072.3600000000001
13362.0,9,166,3090.7400000000002
14470.0,11,43,461.19
17388.0,77,15,1259.56
16841.0,36,116,1869.82
13753.0,287,35,741.26
13666.0,60,12,84.65
14481.0,164,30,636.51
13792.0,66,13,195.55
17663.0,25,86,1802.91
13973.0,287,11,264.7
15990.0,44,52,792.11
13684.0,285,29,65.13
13261.0,268,9,944.1
16598.0,285,10,145.04999999999998
14147.0,78,5,483.4
15951.0,8,41,708.22
13971.0,18,149,2758.26
17516.0,15,135,764.88
13630.0,5,71,2031.78
14157.0,19,46,424.89000000000004
13636.0,36,63,949.12
13610.0,12,215,1082.33
14745.0,112,69,1220.26
14036.0,284,38,626.65
16057.0,16,121,2263.12
16992.0,10,93,1614.31
15724.0,201,11,218.25
13675.0,151,25,486.82000000000005
14227.0,26,175,3350.96
16668.0,15,20,306.71999999999997
16667.0,68,52,567.1800000000001
13509.0,8,44,979.72
15874.0,63,120,4405.88
16187.0,31,295,6911.4400000000005
16339.0,284,18,94.05
14046.0,284,14,154.99
13292.0,38,31,578.9399999999999
16427.0,263,9,241.06
14056.0,1,1088,8152.71
15656.0,45,47,748.5
16518.0,61,40,484.32
17165.0,284,10,158.68
17462.0,60,27,675.69
14620.0,205,26,412.78000000000003
14740.0,197,89,1448.21
16462.0,73,3,136.0
16078.0,283,1,79.2
16915.0,9,57,621.6800000000001
15676.0,18,202,3435.76
15709.0,283,6,133.25
15241.0,66,110,1756.44
12933.0,24,106,607.53
15092.0,215,26,457.81
15319.0,283,16,204.5
16212.0,19,41,690.34
15257.0,283,7,317.15
14656.0,169,80,291.05
13884.0,7,59,787.6
14676.0,31,42,2548.2400000000002
13166.0,283,41,417.2
16389.0,53,34,1382.07
14292.0,7,100,4871.93
15416.0,64,192,3984.32
15733.0,282,10,162.3
16678.0,2,163,3109.99
12834.0,282,18,312.38
13722.0,131,85,2375.41
15067.0,78,82,1744.76
16128.0,17,89,1880.22
17770.0,198,38,1143.27
15622.0,43,185,3709.56
14473.0,74,7,234.34000000000003
15104.0,196,67,993.54
15643.0,191,33,664.0
16792.0,282,12,110.38000000000001
15031.0,4,110,653.19
15636.0,89,25,724.76
12873.0,282,4,374.0
17923.0,282,1,207.50000000000003
16217.0,235,15,304.25
17738.0,19,97,1879.05
17426.0,8,271,5037.26
16957.0,239,16,416.64
16571.0,26,87,1421.69
14483.0,281,9,137.1
15087.0,281,15,306.94
16709.0,84,79,3029.87
17856.0,1,15,1418.03
15053.0,4,69,693.95
18218.0,211,20,641.92
16159.0,281,14,348.2
17995.0,281,2,76.1
17374.0,218,28,495.77
17789.0,281,14,225.9
17416.0,29,269,6893.42
17652.0,25,259,4867.72
13476.0,178,58,1238.47
17700.0,16,142,2534.64
15393.0,16,12,231.86
13014.0,10,109,3466.2799999999997
13931.0,95,58,1237.53
13382.0,280,15,222.99
15220.0,51,117,1778.96
14570.0,280,29,218.06
14447.0,18,70,1163.23
13557.0,28,34,584.06
16449.0,197,40,707.69
17325.0,280,6,96.8
14995.0,38,60,231.98000000000002
16414.0,21,7,126.25
15681.0,25,53,1426.16
14670.0,280,123,392.86
15675.0,81,21,323.69
17535.0,280,13,164.4
15400.0,92,12,716.2
14903.0,21,350,2795.33
14499.0,26,190,808.44
18211.0,25,42,600.07
14504.0,47,107,673.26
15572.0,4,212,2533.42
17107.0,33,416,10797.48
14247.0,278,20,136.76999999999998
15554.0,277,14,217.2
14915.0,91,12,307.48
16136.0,59,37,709.38
18280.0,277,10,180.60000000000002
13344.0,67,116,2511.69
16621.0,51,29,813.48
16225.0,44,134,1096.32
14214.0,30,67,1004.38
14012.0,277,11,328.8
16356.0,197,31,211.77
17654.0,277,22,117.55
15026.0,80,61,469.0
16517.0,277,17,162.7
14817.0,200,63,1110.34
17092.0,50,124,1774.03
16242.0,8,292,3579.86
15869.0,277,15,149.64
17817.0,4,33,387.68
15834.0,70,269,2225.15
15234.0,276,14,197.0
15764.0,88,180,3279.97
15806.0,46,31,784.58
15819.0,49,123,1905.45
14586.0,276,19,237.36
15944.0,276,6,325.1
13340.0,45,134,10736.48
16917.0,276,9,391.52
14407.0,107,73,2157.73
13908.0,79,122,2369.55
13975.0,31,329,2461.2400000000002
14730.0,1,462,1897.57
14367.0,8,521,9227.82
13373.0,60,158,3312.25
16712.0,9,438,3611.31
17639.0,276,7,108.5
16426.0,2,353,1863.76
16495.0,3,88,648.26
14336.0,16,90,1614.91
14507.0,23,95,1367.88
17049.0,2,317,5655.03
15206.0,10,9,420.29999999999995
14013.0,110,34,473.02
14645.0,156,30,597.09
15071.0,93,26,982.07
14112.0,22,160,2915.15
13026.0,1,40,975.36
12881.0,275,7,298.0
17864.0,12,90,554.85
17138.0,275,24,380.5
16572.0,127,57,1009.6
14165.0,275,24,120.44
15367.0,57,95,1877.59
14291.0,1,237,3883.25
15632.0,15,167,3285.31
14297.0,17,62,1305.33
13899.0,16,19,388.52
16471.0,274,13,223.95000000000002
18183.0,227,37,632.07
14603.0,274,2,660.0
18173.0,86,31,2106.84
14854.0,78,126,2740.03
16625.0,274,23,333.08
14064.0,29,77,1334.34
15308.0,274,19,310.47
18086.0,274,7,101.34
14350.0,274,18,282.93
16080.0,81,10,217.16
14727.0,274,10,268.58
16778.0,74,16,245.94
14077.0,40,42,499.41999999999996
16808.0,99,23,288.42
16475.0,88,28,544.3
13265.0,53,90,2092.66
15049.0,273,3,121.17000000000002
18149.0,50,16,612.0799999999999
13654.0,43,166,2707.33
16652.0,58,118,6773.97
16766.0,273,34,1145.6
16801.0,163,75,1594.23
17164.0,32,144,2467.35
13226.0,273,16,108.21000000000001
13043.0,273,13,516.42
14352.0,157,47,1078.96
17351.0,36,27,587.15
16768.0,47,54,478.09000000000003
16693.0,68,59,477.86
13956.0,5,147,1019.27
13708.0,271,49,285.33
15918.0,190,40,334.23
15671.0,18,78,2657.13
14962.0,270,5,126.7
16807.0,142,67,1121.59
15125.0,25,127,11528.48
16871.0,22,137,2812.34
12901.0,8,116,17654.54
13452.0,259,2,590.0
15493.0,32,289,1953.41
16005.0,12,201,578.71
16804.0,23,60,536.99
13499.0,17,42,1159.11
15047.0,269,22,343.62
14193.0,67,42,853.39
17542.0,269,25,170.75
15181.0,66,16,689.4799999999999
17080.0,22,8,287.62
16392.0,269,43,217.89
15106.0,17,100,1422.52
16214.0,170,44,1062.75
13716.0,269,21,138.28
15150.0,17,341,5291.33
14226.0,28,66,2214.79
13121.0,269,50,283.73
16297.0,268,20,301.9
12994.0,4,61,974.4200000000001
16152.0,268,29,1829.04
14636.0,36,28,609.85
16040.0,65,65,1313.55
15793.0,14,12,965.61
13358.0,268,29,439.03
12849.0,31,48,1010.29
15182.0,154,29,622.85
13299.0,268,5,142.5
16383.0,74,98,643.76
15381.0,213,8,596.85
15030.0,71,7,518.28
12955.0,1,180,4757.16
18189.0,77,68,1090.24
13946.0,79,11,561.5699999999999
17716.0,22,245,5655.99
13185.0,267,1,71.4
14840.0,267,4,62.85
13216.0,267,5,333.74
13650.0,16,96,1836.34
13533.0,182,75,269.09
13268.0,17,433,3174.75
15433.0,213,41,533.3
12937.0,15,120,1504.27
16216.0,267,37,914.9300000000001
16377.0,267,5,676.2
16976.0,267,2,251.51999999999998
18210.0,1,134,2621.38
13631.0,99,11,3070.42
14422.0,0,222,4263.64
15648.0,204,24,639.5
17725.0,16,192,3439.08
15861.0,12,540,3146.92
13072.0,266,7,177.15
15695.0,266,22,409.98
14110.0,3,155,5683.15
14059.0,266,8,183.6
16672.0,2,114,8134.9400000000005
16511.0,21,159,918.33
16256.0,266,13,752.4300000000001
13591.0,64,58,1117.13
14066.0,266,7,152.55
15483.0,161,84,225.26
16626.0,0,179,4413.1
15019.0,266,66,252.81
18270.0,38,11,283.15
14315.0,44,101,2481.13
17921.0,64,142,820.23
14041.0,266,21,141.41
17060.0,266,5,234.24
16023.0,46,101,719.81
17133.0,15,27,4892.240000000001
12878.0,236,47,854.99
14155.0,266,6,118.75
17043.0,32,102,1735.18
13046.0,30,35,629.31
14633.0,266,20,344.90000000000003
12948.0,16,116,2064.95
15703.0,264,5,211.5
14071.0,3,323,1437.57
17134.0,106,23,413.2
17795.0,179,45,342.83
12902.0,264,10,138.68
16444.0,46,84,654.67
14232.0,42,115,2048.07
14693.0,264,8,172.9
16728.0,46,263,1048.28
16096.0,264,12,320.62
13985.0,4,349,7060.13
13592.0,35,16,247.95999999999998
15140.0,52,80,2354.25
12843.0,65,103,1702.26
14408.0,10,106,2599.03
15408.0,264,34,267.18
15445.0,264,5,113.5
14205.0,16,24,466.7
15452.0,29,56,528.48
14223.0,92,60,991.13
16619.0,263,14,226.21
14762.0,263,21,300.52
13934.0,263,31,922.1
15669.0,40,33,684.34
16384.0,89,33,584.5
18224.0,263,10,158.95000000000002
14245.0,219,108,1693.45
17678.0,263,16,298.11
15855.0,136,80,712.24
17204.0,175,57,1564.56
16036.0,87,55,758.92
17763.0,263,1,15.0
13262.0,263,11,200.29
17152.0,194,14,1689.5
14632.0,262,8,114.56
13900.0,183,43,740.95
14875.0,107,47,1465.3200000000002
15132.0,18,52,977.9300000000001
17272.0,42,114,2148.63
16135.0,262,21,517.55
12831.0,262,9,215.05
15437.0,262,45,200.16
14711.0,10,345,2839.62
14377.0,191,11,617.05
16374.0,66,109,466.73
13196.0,11,110,1797.78
16809.0,23,149,914.69
15457.0,262,58,237.07
16721.0,262,37,292.47
17733.0,38,35,692.19
17102.0,261,1,25.5
15410.0,84,122,3450.84
13239.0,261,21,329.56
15449.0,26,60,974.52
14870.0,261,13,327.25
13821.0,144,59,385.64
17096.0,15,48,1022.13
18191.0,261,7,207.79999999999998
14461.0,148,180,2103.06
13132.0,261,3,77.3
16859.0,144,52,747.81
15245.0,134,89,2515.84
17411.0,12,41,778.94
17486.0,261,24,396.87
16308.0,37,4,2560.0
14607.0,15,81,16209.5
13249.0,92,23,711.41
15644.0,166,232,803.54
14075.0,4,43,942.26
17250.0,3,56,381.97
17966.0,37,68,1098.43
14129.0,1,52,1123.8600000000001
15651.0,36,32,646.3
13035.0,73,27,921.88
17644.0,1,157,2895.64
13341.0,260,42,775.85
13512.0,260,15,251.21
16620.0,3,9,178.96
17698.0,260,8,154.95
14267.0,162,55,1516.24
13736.0,5,190,729.8
16022.0,260,71,602.63
14235.0,75,79,3144.86
16769.0,260,38,361.54
17754.0,0,89,1664.65
16063.0,260,23,335.32
15178.0,260,3,40.5
14348.0,260,18,409.57
15815.0,63,49,2100.6
13695.0,31,90,2504.13
17979.0,35,138,732.41
13139.0,16,170,5064.94
14758.0,144,71,1484.06
14536.0,259,18,170.95
13662.0,85,52,881.26
17946.0,233,20,149.57999999999998
13743.0,2,41,1341.6
18078.0,217,29,336.13
16780.0,100,59,422.24
18273.0,2,3,204.0
15045.0,151,12,735.66
17625.0,18,306,2020.4
13357.0,257,89,609.4
16777.0,80,48,222.62
14476.0,257,17,193.0
13481.0,45,109,1804.56
16245.0,23,90,1413.66
13266.0,11,187,3834.2599999999998
17765.0,158,56,367.63
15083.0,256,5,88.2
18010.0,256,14,174.8
15249.0,31,350,6688.46
13760.0,54,57,286.79
15624.0,116,34,588.13
17749.0,178,35,674.52
15068.0,46,104,553.36
14538.0,64,19,388.25
14851.0,23,28,511.35
14021.0,155,22,631.9
13037.0,138,48,881.07
18177.0,31,73,1340.8700000000001
14128.0,60,46,637.5
17874.0,185,46,683.46
17719.0,37,274,5396.04
14441.0,0,51,1712.89
17931.0,134,65,408.36
13803.0,255,17,277.07
17398.0,114,38,653.38
15906.0,19,150,1567.69
16253.0,66,123,3683.86
13439.0,255,54,283.71
12888.0,214,5,354.12
13588.0,15,174,2478.95
15521.0,40,185,3000.2
13720.0,116,43,799.9
15674.0,73,114,2446.6
17594.0,85,50,993.18
17775.0,254,3,56.4
13988.0,19,234,4147.96
16657.0,9,192,874.43
15424.0,254,17,383.34
13316.0,37,86,5732.93
16788.0,123,148,594.39
16584.0,80,28,936.08
15364.0,95,29,913.19
18108.0,254,17,271.0
14272.0,73,33,437.96
15980.0,88,43,2398.86
15832.0,254,54,836.79
16092.0,114,51,817.86
15528.0,254,26,229.33
16398.0,154,82,1705.8
17088.0,28,115,1991.01
17438.0,253,17,388.45000000000005
13060.0,253,15,307.53
14790.0,16,46,745.06
14890.0,253,7,125.65
16386.0,28,81,302.57
14818.0,73,48,657.8
13571.0,12,340,2088.94
12909.0,39,91,2178.67
16698.0,226,5,1998.0
16681.0,72,44,1770.34
13573.0,50,25,290.25
13883.0,10,142,2674.48
14957.0,253,12,58.49
13918.0,49,30,1212.8400000000001
17212.0,253,4,226.85
17781.0,159,12,188.02
14886.0,252,18,364.8
13626.0,252,19,257.23
16609.0,15,276,5493.46
16180.0,100,162,10254.18
13462.0,252,9,151.5
18263.0,25,61,1213.1599999999999
16960.0,38,101,507.05
13841.0,252,1,85.0
17701.0,252,24,417.95
12949.0,30,215,4167.22
14852.0,58,143,2836.69
13169.0,63,13,712.88
16162.0,252,2,37.4
15691.0,252,2,136.8
14195.0,201,7,1012.0
13781.0,250,17,127.84
17758.0,19,404,3408.2000000000003
14023.0,7,31,584.07
17669.0,42,68,3406.7200000000003
16142.0,249,37,535.34
17648.0,60,91,1797.5
13059.0,249,8,183.4
16224.0,57,96,1295.3
15223.0,225,20,755.75
17886.0,31,102,869.28
13294.0,189,54,873.74
15289.0,29,58,939.78
18185.0,249,17,304.25
17956.0,249,1,12.75
15756.0,61,191,528.01
14747.0,249,18,328.2
14719.0,1,235,1581.84
13015.0,53,175,3339.64
16586.0,248,8,463.95
16105.0,248,13,336.96
15442.0,248,2,594.0
16906.0,81,86,559.59
14546.0,5,397,2573.93
14535.0,60,328,2854.84
16170.0,50,125,1885.05
15244.0,65,34,631.57
16696.0,135,10,657.9000000000001
15145.0,4,67,1194.73
17492.0,248,12,374.57
13525.0,14,6,628.78
17409.0,184,13,771.85
17783.0,72,67,283.47
13863.0,247,20,305.78
13515.0,72,59,891.12
15917.0,247,12,123.1
17440.0,156,5,186.42000000000002
17045.0,113,22,339.44
17140.0,247,18,454.12
15201.0,87,69,1236.54
14964.0,247,13,206.21
16031.0,92,98,547.9
14403.0,130,20,1475.81
17042.0,2,97,1036.58
13771.0,64,119,2634.45
17906.0,247,12,72.9
18272.0,2,166,3078.58
16144.0,246,1,175.2
13731.0,219,38,610.59
15530.0,21,107,1497.31
13950.0,11,35,745.06
13752.0,124,75,1175.38
13892.0,26,27,632.97
14446.0,0,277,1010.35
16209.0,88,46,2262.62
15754.0,51,28,458.57
13712.0,246,10,228.84
15800.0,107,117,696.89
16469.0,23,171,625.42
13005.0,173,26,513.7
14981.0,246,8,102.12
17928.0,45,23,212.54
16261.0,17,119,728.54
17883.0,3,142,664.34
14619.0,245,20,394.44
13995.0,15,86,1393.69
16643.0,245,27,487.51
14246.0,110,75,1474.06
18040.0,19,19,357.20000000000005
16837.0,31,165,3170.98
15119.0,245,14,266.4
16325.0,46,18,594.24
14924.0,245,10,310.05
15109.0,245,28,484.95
16623.0,245,5,129.45
12999.0,196,28,455.88
13962.0,21,11,169.55
18036.0,32,94,403.12
14958.0,147,41,483.72999999999996
14264.0,154,17,333.97
13562.0,81,82,1799.33
15775.0,245,7,104.9
17054.0,28,83,1356.33
17268.0,107,6,763.64
13548.0,96,123,678.16
13508.0,243,12,110.97
13570.0,243,27,239.49
13232.0,12,202,1328.35
18129.0,243,14,112.55000000000001
13632.0,24,145,2118.93
15665.0,168,115,2222.21
17550.0,197,42,267.16
15655.0,243,34,560.67
14286.0,23,280,4628.75
16188.0,44,67,981.86
15214.0,1,110,1661.44
17574.0,242,8,185.65
15737.0,14,71,1188.1200000000001
18080.0,18,2,1231.5
14311.0,242,20,310.26
14339.0,242,14,309.52
12982.0,242,28,390.54
14273.0,51,29,559.97
13549.0,25,51,918.2
15414.0,9,39,774.9000000000001
13203.0,9,57,869.46
14628.0,91,24,671.96
14326.0,242,8,183.85
15935.0,239,12,416.86
13655.0,114,56,932.97
12910.0,23,75,3075.04
13577.0,25,83,1687.6000000000001
15251.0,9,111,10484.99
14111.0,14,10,692.85
17160.0,31,229,3518.03
16172.0,95,69,1140.21
17972.0,241,30,135.19
14844.0,63,130,3189.81
17278.0,241,15,246.04
15212.0,241,5,101.8
16729.0,38,656,7205.33
14998.0,170,74,414.87
13484.0,241,8,313.8
16697.0,241,21,112.75
18236.0,29,49,882.24
13740.0,240,23,350.75
15230.0,239,23,429.6
15134.0,14,73,1387.99
16309.0,106,42,706.57
13544.0,39,78,276.06
14262.0,8,143,2618.23
13134.0,85,98,1793.58
17589.0,60,253,2404.17
16097.0,240,10,185.04999999999998
13122.0,94,55,922.39
16966.0,8,28,2154.97
17746.0,240,6,110.25
16175.0,94,58,1037.59
14834.0,17,67,1720.3
16348.0,32,222,1415.65
15147.0,240,28,623.5
16131.0,51,78,3506.54
15813.0,207,40,1303.9099999999999
17058.0,81,62,1179.89
17704.0,168,31,885.19
13772.0,33,173,1122.63
16933.0,1,44,563.23
16249.0,52,69,1800.07
14198.0,18,39,701.4
13989.0,65,41,1266.08
17930.0,35,39,1740.48
14154.0,239,52,1345.62
14206.0,239,20,328.15999999999997
14482.0,18,137,2022.81
14163.0,87,52,2445.91
14105.0,239,74,1266.23
17601.0,239,9,116.00999999999999
17142.0,239,15,579.0
15135.0,239,9,139.05
16806.0,103,93,762.16
13952.0,217,137,3251.071
13120.0,238,1,30.599999999999998
13516.0,21,44,1389.41
14323.0,114,36,605.0600000000001
18079.0,45,123,3613.15
14700.0,32,112,2195.1
15027.0,30,35,1066.1499999999999
17367.0,238,33,167.55
18213.0,236,15,232.48000000000002
17029.0,110,2,716.0
13220.0,78,21,819.2900000000001
15985.0,123,37,1142.42
16193.0,236,19,314.45
15172.0,8,110,1624.05
13692.0,24,53,1488.32
15745.0,19,62,1094.59
17582.0,236,29,175.27
13474.0,236,62,226.84
17697.0,236,19,338.95
16639.0,31,50,1257.51
16947.0,235,21,406.48
15491.0,95,154,3100.09
16617.0,235,5,151.85
15265.0,151,82,1506.1200000000001
16226.0,203,8,255.12
18009.0,235,31,247.39
16399.0,19,72,408.02
14623.0,32,133,886.7
15625.0,103,64,1534.26
18064.0,133,7,814.0
15508.0,189,92,1000.27
16628.0,29,117,2188.05
13647.0,9,78,1648.1200000000001
15594.0,15,103,1771.78
13479.0,200,15,300.95
13376.0,99,53,1019.76
15717.0,234,7,150.3
13735.0,24,195,2883.54
13719.0,15,60,1041.68
16633.0,17,152,2883.1
13101.0,234,8,101.19
15225.0,234,23,409.40000000000003
14152.0,75,49,621.29
15436.0,12,291,1067.75
17217.0,234,9,113.5
17734.0,53,43,700.63
14905.0,157,17,616.15
17548.0,233,5,103.3
14148.0,233,3,157.2
16103.0,7,48,1429.64
14626.0,23,122,2791.27
14868.0,3,144,2953.59
18246.0,23,4,596.1
13485.0,233,23,454.24
15517.0,233,27,267.03
17115.0,8,39,837.5
17120.0,233,18,307.46
15912.0,178,19,264.62
17588.0,100,23,1240.2
14759.0,4,102,1625.97
16185.0,16,31,529.41
13389.0,11,51,797.96
17631.0,1,39,528.33
17061.0,73,99,5232.2300000000005
17718.0,232,6,139.35
17630.0,169,26,503.59999999999997
13223.0,200,5,163.20000000000002
16146.0,157,29,734.13
17109.0,29,116,881.29
16587.0,232,13,225.15
16750.0,44,95,623.93
13482.0,232,11,184.64
14512.0,187,23,275.28
17670.0,227,11,205.7
16834.0,227,24,413.46
16942.0,12,277,1904.99
14640.0,24,105,2107.38
16823.0,227,38,358.38
15237.0,1,99,1412.32
17854.0,185,15,311.26
18220.0,226,2,305.28000000000003
17436.0,1,9,216.29999999999998
16965.0,226,26,201.19
12840.0,143,113,2726.77
15891.0,226,60,511.68
17187.0,226,10,203.95
13637.0,52,99,804.3
17991.0,225,5,93.35
16418.0,44,95,631.12
16099.0,50,39,731.9
15768.0,115,27,621.8299999999999
16637.0,32,69,1154.47
14240.0,30,42,890.34
15143.0,225,14,259.45
13229.0,225,10,160.95
14973.0,107,32,1314.45
14271.0,225,10,112.32
15952.0,33,84,781.91
16227.0,225,6,314.22
17893.0,225,15,107.21
14022.0,225,28,440.0
15210.0,225,20,331.18
16370.0,82,221,1301.91
14304.0,222,17,383.45
15376.0,40,116,1221.56
14655.0,8,49,1932.23
17615.0,130,14,329.6
16055.0,220,8,134.8
14149.0,220,28,446.62
17501.0,220,18,288.6
14191.0,1,259,4684.76
13282.0,18,37,1132.14
15582.0,24,44,682.9100000000001
16230.0,189,35,542.03
18146.0,140,10,160.35000000000002
15976.0,165,96,427.64
12886.0,67,82,1378.4
17974.0,24,165,703.99
13524.0,40,27,680.1800000000001
17955.0,198,19,557.3
15128.0,60,102,1471.0
16610.0,219,6,75.66
17394.0,219,4,203.86999999999998
16094.0,11,63,1078.23
14173.0,10,29,450.84
16258.0,45,135,5203.51
14948.0,23,63,1101.97
17384.0,19,15,336.4
16990.0,218,1,179.0
13762.0,218,7,306.72
14340.0,218,6,134.7
17429.0,128,39,524.9200000000001
13711.0,218,13,252.06
14515.0,17,98,2076.89
16457.0,218,9,208.36
17527.0,53,47,939.37
14199.0,218,2,185.39999999999998
13888.0,119,39,595.67
14423.0,218,3,265.2
14697.0,218,22,188.60999999999999
17522.0,1,73,1070.71
13867.0,31,60,1005.09
17624.0,14,50,843.48
14393.0,218,5,67.95
17578.0,218,5,143.45999999999998
13450.0,26,71,2043.7199999999998
17423.0,46,26,698.41
18241.0,9,104,2073.09
15668.0,217,1,76.32000000000001
16319.0,217,3,404.40000000000003
15757.0,65,45,714.42
17174.0,217,4,59.9
13365.0,33,128,2225.37
18227.0,217,5,93.75
14145.0,46,11,3742.2
18235.0,71,104,1796.48
13741.0,71,34,668.4300000000001
16832.0,184,12,199.15
15258.0,168,34,623.16
15552.0,217,17,90.12
18170.0,33,38,980.31
13723.0,217,6,199.85000000000002
14005.0,9,84,2874.72
15561.0,11,27,800.59
16121.0,57,204,854.66
18142.0,157,15,1019.52
13642.0,215,57,312.28
15117.0,14,79,1551.78
13561.0,215,14,141.85999999999999
15704.0,140,117,2293.62
16007.0,47,381,1693.81
16232.0,43,37,990.88
17410.0,16,64,1214.72
13835.0,25,55,834.57
13427.0,19,29,582.6
14353.0,215,6,90.6
13003.0,105,6,149.05
16756.0,214,13,239.4
16440.0,7,282,3640.67
18120.0,214,17,111.15
17723.0,127,10,3276.4000000000005
14699.0,214,8,109.13000000000001
12821.0,214,6,92.72
13055.0,78,76,1214.41
13320.0,78,105,1532.2
16357.0,33,34,658.88
18242.0,72,78,2232.4900000000002
15865.0,40,40,895.13
17597.0,213,55,2044.3700000000001
14397.0,2,87,2612.96
13242.0,112,13,270.40000000000003
14288.0,213,16,426.6
15063.0,213,5,370.79999999999995
14591.0,15,176,1320.21
13990.0,213,16,311.3
12749.0,3,199,4090.88
14691.0,30,71,2114.33
16229.0,87,47,1010.6
14920.0,212,57,977.77
17489.0,58,29,376.64
13404.0,1,11,252.49
15729.0,212,5,85.0
13136.0,56,127,2607.61
16644.0,177,62,833.78
14731.0,47,45,380.02
15187.0,1,91,4777.18
13052.0,212,18,348.15000000000003
18133.0,212,1,931.4999999999999
17664.0,18,43,604.64
14649.0,4,186,1402.59
13235.0,212,58,1031.07
14883.0,18,53,761.59
12976.0,211,22,738.6
14681.0,71,7,498.95
14421.0,57,27,813.11
16116.0,211,34,612.78
14988.0,211,40,334.54
15489.0,22,50,1134.28
14364.0,108,69,3717.35
16006.0,211,8,101.4
16184.0,64,45,1158.79
17932.0,29,90,1331.57
18221.0,22,64,1041.61
14853.0,24,9,475.8
17658.0,25,19,595.42
17764.0,50,71,772.55
14651.0,67,101,653.75
14000.0,211,15,635.66
13601.0,45,99,693.32
17970.0,211,29,562.79
15826.0,56,68,1654.31
15907.0,3,226,882.72
14342.0,21,21,668.5600000000001
14873.0,210,28,519.68
14689.0,208,13,112.8
15440.0,54,62,383.68
16076.0,3,129,2234.73
15333.0,208,16,1028.56
16283.0,5,166,1570.81
17263.0,208,23,63.440000000000005
16877.0,12,156,846.62
16642.0,4,34,688.33
12871.0,84,11,380.64
14038.0,78,92,1560.38
14489.0,207,30,463.38
14888.0,207,20,369.2
17190.0,58,19,444.74
13456.0,17,63,1766.72
17898.0,85,28,152.06
13976.0,206,10,357.98
16139.0,18,31,635.41
15730.0,65,70,1120.88
16266.0,73,61,861.89
15123.0,7,106,2199.31
17702.0,30,74,1824.37
17505.0,161,52,1145.84
16446.0,0,3,168472.5
17556.0,205,6,157.9
14583.0,5,302,986.96
16818.0,10,188,3349.57
13572.0,205,33,1384.25
14009.0,198,42,695.61
13258.0,11,36,672.83
14463.0,98,6,529.62
13192.0,95,63,911.94
16987.0,3,128,1616.8
13417.0,4,28,640.83
17047.0,85,65,1100.9
15116.0,17,45,1352.75
17469.0,16,88,1870.97
16647.0,169,14,214.06
15630.0,45,60,1186.35
17245.0,204,9,171.45
16008.0,23,33,478.78
17871.0,204,10,155.9
13529.0,78,15,307.76
15599.0,26,52,761.74
16813.0,8,426,1652.18
14859.0,12,58,1353.74
16463.0,21,82,1422.4
15791.0,43,75,1612.69
13658.0,9,108,2639.17
13887.0,204,19,349.55
14551.0,18,10,186.23
17166.0,38,12,206.34
17926.0,133,21,397.29
13391.0,203,1,59.8
17455.0,203,8,131.7
13308.0,22,54,1385.51
13856.0,168,14,388.5
13243.0,203,57,585.12
15095.0,103,47,1370.6
18048.0,203,7,172.29000000000002
18287.0,42,70,1837.28
18150.0,32,37,566.58
16690.0,72,12,225.57999999999998
13555.0,73,135,4098.88
16038.0,7,26,471.78000000000003
13972.0,70,15,190.25
13227.0,201,9,257.7
13657.0,10,16,382.14
17176.0,201,15,306.13
14837.0,89,108,1649.5
14682.0,187,2,52.0
14921.0,30,78,1316.07
16341.0,24,77,1971.87
14647.0,201,28,236.04000000000002
15292.0,201,24,178.39
15705.0,201,6,143.1
13339.0,200,54,860.12
13885.0,189,28,506.8
13546.0,12,97,621.09
17715.0,200,1,326.4
18160.0,57,39,638.0600000000001
15434.0,8,55,1041.48
15734.0,114,26,1339.45
13737.0,200,30,339.59999999999997
13213.0,56,90,1520.58
18018.0,108,29,122.14
15314.0,199,24,327.97
17521.0,29,45,723.2099999999999
15042.0,199,5,135.93
16091.0,154,18,315.06
15804.0,0,262,4206.39
14593.0,21,151,617.15
14287.0,8,9,176.63
16763.0,198,23,611.85
14705.0,198,1,179.0
14522.0,24,17,974.54
16448.0,198,19,182.99
14584.0,169,98,1033.06
12974.0,197,8,144.8
12987.0,73,28,558.7
14816.0,197,4,271.85
15852.0,186,22,160.71
16624.0,80,48,810.5699999999999
18232.0,81,37,592.97
18073.0,114,72,3859.82
16369.0,18,117,1545.41
14280.0,196,8,134.04
13135.0,196,1,3096.0
17345.0,15,83,519.6899999999999
16275.0,196,33,559.87
14338.0,161,31,588.22
15402.0,148,42,626.77
16323.0,196,1,207.50000000000003
14451.0,60,105,643.9
14823.0,180,70,321.43
15897.0,194,22,208.59
17051.0,194,42,240.89000000000001
15925.0,194,12,207.15
15863.0,25,18,68.84
16483.0,192,19,139.35
13398.0,192,26,457.34
13070.0,192,9,228.8
14819.0,64,13,272.07
15163.0,18,29,304.47
18204.0,71,192,1975.35
16810.0,192,15,309.54
15124.0,22,15,184.19
16969.0,39,42,650.41
14597.0,11,47,866.24
13917.0,49,18,272.04
16424.0,191,5,133.56
13062.0,191,11,346.98
16484.0,173,25,404.3
14389.0,65,45,1043.46
15184.0,29,62,402.2
18135.0,29,20,681.9100000000001
14453.0,190,22,119.93
17900.0,190,6,112.19999999999999
13437.0,14,167,3408.06
16529.0,190,30,455.25
17531.0,190,14,296.7
16239.0,56,19,414.2
14500.0,88,7,356.85
16117.0,189,30,232.21
13248.0,124,26,465.68
16967.0,189,21,319.02
15405.0,189,8,349.1
16659.0,189,2,39.12
16880.0,30,174,1491.43
13435.0,5,101,3809.8900000000003
13131.0,23,44,1073.3
14891.0,148,33,554.38
16682.0,4,30,1028.0
15453.0,1,279,1371.77
16963.0,187,7,110.55000000000001
13682.0,187,3,59.5
15152.0,9,271,4745.69
15462.0,94,11,234.6
15349.0,158,71,463.90999999999997
16849.0,186,8,124.57
15073.0,9,54,1043.41
16298.0,22,27,598.2
18248.0,122,47,804.02
15386.0,186,31,394.14
16611.0,186,10,129.49
17252.0,116,86,348.91
14542.0,185,5,103.25
16825.0,38,28,775.1800000000001
18072.0,185,18,247.44
13643.0,31,28,519.44
15969.0,2,20,666.1
13283.0,59,7,93.66
17015.0,28,214,1838.6100000000001
14375.0,185,66,235.56
17124.0,185,31,294.24
17987.0,185,13,198.57
13395.0,185,21,307.72
15743.0,16,86,775.96
17414.0,43,6,778.0
14622.0,184,21,320.58000000000004
15609.0,184,16,298.48
14561.0,75,69,1080.76
16872.0,77,7,680.02
16358.0,1,109,2027.5
15238.0,29,50,1071.99
13115.0,11,120,2294.78
13466.0,184,17,307.9
17360.0,17,125,568.24
13510.0,1,115,1791.56
16892.0,1,97,518.19
14241.0,183,10,213.70000000000002
14132.0,2,200,3586.0299999999997
14963.0,9,192,1472.34
17169.0,57,54,835.78
15252.0,36,44,740.78
17731.0,79,67,1240.11
16113.0,183,30,161.38
16107.0,17,31,3204.1600000000003
17483.0,65,21,414.04
15679.0,24,110,781.28
13686.0,182,8,72.0
16581.0,182,9,105.84
15267.0,22,11,1717.36
17234.0,182,14,149.89000000000001
17797.0,22,111,780.43
16614.0,182,26,506.19
15411.0,26,98,1348.93
14178.0,8,318,1600.26
15098.0,182,3,39916.5
18281.0,180,7,80.82
14984.0,19,39,202.37
17265.0,138,122,550.01
13617.0,40,44,544.18
17242.0,108,40,1135.04
17289.0,31,104,931.02
16018.0,39,28,408.90000000000003
14704.0,11,393,1493.96
16794.0,1,278,1196.5
13761.0,50,70,1070.65
13517.0,59,141,2128.42
13936.0,179,26,376.58
16342.0,75,15,322.41
14177.0,86,41,549.46
16205.0,30,97,757.63
15036.0,72,119,429.56
13589.0,14,21,379.65
17579.0,4,50,448.90000000000003
15069.0,179,70,1109.53
17349.0,179,8,98.25
13080.0,179,6,58.08
13663.0,179,13,189.47
14503.0,3,164,3543.26
16774.0,67,48,661.52
13384.0,30,152,4151.93
17101.0,10,42,1621.73
14997.0,46,26,546.1999999999999
17155.0,17,20,251.70000000000002
16461.0,177,32,142.92
13343.0,177,19,353.43
18165.0,177,10,302.46000000000004
17536.0,177,3,76.5
16324.0,128,111,408.59000000000003
17651.0,11,232,3945.0
14222.0,177,41,683.17
15585.0,176,31,455.3
17490.0,0,76,2092.32
16739.0,176,13,323.0
16276.0,176,6,810.6000000000001
17193.0,35,32,1699.3000000000002
16257.0,176,2,46.95
16279.0,21,106,1502.78
14285.0,21,27,1910.01
17642.0,119,40,712.29
13826.0,176,10,189.5
13575.0,23,46,732.0699999999999
17157.0,7,13,319.0
16852.0,10,9,144.91000000000003
15219.0,176,9,305.75
15014.0,43,33,257.67
14765.0,29,39,254.11
16869.0,22,127,817.12
15909.0,173,7,191.94
13618.0,173,13,177.34
16050.0,173,10,137.9
17879.0,173,6,178.51999999999998
17562.0,14,63,1122.38
15334.0,156,98,350.82
13568.0,173,43,187.05
14820.0,21,29,507.29
16744.0,11,236,1291.91
15700.0,172,86,696.68
17299.0,11,55,656.61
12837.0,173,12,134.1
15076.0,172,49,880.85
15921.0,172,24,323.03000000000003
15747.0,12,90,946.64
15840.0,58,27,355.56
15016.0,172,20,170.04
14808.0,39,231,2718.6
12904.0,18,71,496.06
15825.0,172,20,532.94
15389.0,172,1,500.0
15280.0,172,16,113.12
17159.0,21,101,1538.88
15329.0,39,57,1049.7
12830.0,37,38,6814.64
15507.0,171,45,475.86
18252.0,50,94,518.27
16526.0,171,15,290.36
17695.0,131,35,765.34
12930.0,78,25,415.8
14960.0,8,27,221.27
17960.0,171,26,73.78
15412.0,171,10,190.53
13849.0,51,101,1537.95
16114.0,170,8,135.75000000000003
13420.0,149,8,159.85
13780.0,7,57,360.01
17877.0,170,12,237.61
16247.0,170,16,114.56
15041.0,170,66,179.93
16287.0,169,8,142.5
12919.0,8,50,1335.19
15130.0,169,22,330.11
17370.0,72,33,446.18
17709.0,169,7,137.45
15253.0,16,53,918.1999999999999
13300.0,169,20,371.89
17759.0,17,90,819.96
13937.0,169,9,158.85
15850.0,19,93,234.88
15186.0,14,19,411.41
13791.0,127,11,1516.0
14795.0,166,6,131.45000000000002
17768.0,8,98,2081.9
18112.0,12,26,352.69
17386.0,7,28,2686.42
14104.0,154,21,216.20999999999998
17110.0,165,12,163.29999999999998
18193.0,165,16,243.76
13895.0,28,118,2593.07
16545.0,164,3,339.3
16671.0,28,6,1692.27
14351.0,164,1,51.0
17391.0,163,3,508.8
16824.0,15,26,460.64
17750.0,5,184,1710.45
16200.0,4,172,1068.8700000000001
17997.0,74,164,1962.46
14383.0,38,59,1247.69
13461.0,38,27,1445.0
17408.0,163,2,32.65
15537.0,163,24,110.92
14327.0,163,12,311.65
17837.0,42,162,1541.23
15578.0,162,13,127.1
15584.0,23,122,720.86
13745.0,162,25,300.04
16498.0,161,15,100.97
17891.0,162,34,203.85999999999999
17123.0,161,9,345.29999999999995
16866.0,140,11,207.73999999999998
13730.0,135,43,752.6
16589.0,71,33,459.24
12922.0,161,28,405.38
16009.0,22,82,972.11
14053.0,124,4,260.25
17939.0,159,12,99.14
17312.0,138,14,644.3
13833.0,159,28,383.85
17899.0,159,31,154.55
15007.0,159,12,156.91
17464.0,158,9,289.96000000000004
18265.0,72,46,801.51
16861.0,59,6,173.76
16344.0,158,2,101.10000000000001
13338.0,157,19,487.02
17024.0,45,3,95.85
14034.0,22,86,648.89
18203.0,157,19,160.42000000000002
16616.0,15,33,500.42
16338.0,157,11,214.79999999999998
17046.0,157,22,642.02
13109.0,59,47,786.54
16829.0,156,11,197.22
13217.0,122,4,533.98
14002.0,134,47,529.73
12977.0,156,9,39.239999999999995
13291.0,155,42,361.11
13583.0,155,53,781.03
16929.0,3,77,1295.39
17892.0,56,28,244.1
15505.0,52,97,3610.96
14459.0,155,37,1837.92
18013.0,155,31,187.29
13681.0,17,57,827.83
13699.0,155,14,308.58000000000004
14493.0,7,120,2383.2400000000002
13486.0,78,69,1122.41
13302.0,155,1,63.75
16012.0,35,94,1415.29
17031.0,11,22,380.35
18121.0,149,31,653.3
15901.0,16,111,351.73
14918.0,115,45,1610.15
15920.0,154,60,167.5
17353.0,129,8,1740.0
18024.0,152,21,389.78
15467.0,9,52,524.88
16174.0,126,23,1009.5500000000001
13678.0,151,16,232.6
14690.0,44,48,355.05
13058.0,24,8,271.40000000000003
14552.0,151,57,164.22
13224.0,60,108,2155.95
16989.0,7,12,1133.25
13207.0,15,8,250.26000000000002
18122.0,8,357,1793.06
17405.0,1,82,1031.41
13311.0,4,26,598.57
15051.0,23,142,1383.3600000000001
15895.0,149,11,179.17
15795.0,149,42,610.01
13669.0,50,9,218.55
16450.0,149,11,311.92
13667.0,149,83,299.05
14400.0,149,25,574.7
14847.0,148,13,309.4
14862.0,25,48,841.1999999999999
16488.0,33,29,498.8
15256.0,148,6,98.45
14716.0,43,51,307.51
13933.0,109,23,608.7900000000001
14857.0,59,60,1173.12
15306.0,64,58,1174.35
15839.0,33,62,1048.49
13994.0,3,148,2274.14
17554.0,1,88,1952.45
14332.0,22,25,840.21
17266.0,2,73,296.58
17948.0,147,1,358.56000000000006
15004.0,147,154,1220.77
14722.0,147,28,180.42000000000002
13507.0,3,162,2479.16
13967.0,145,2,80.7
16054.0,145,70,783.9
12833.0,145,24,417.38
16474.0,7,337,1810.65
17984.0,145,48,152.68
16762.0,19,63,1207.24
13940.0,17,49,839.14
14029.0,63,15,467.66
14117.0,143,3,90.0
13167.0,18,65,791.33
17779.0,21,81,650.32
13991.0,12,82,852.88
18101.0,11,40,222.4
13827.0,57,92,409.8
16764.0,3,700,2790.9500000000003
18180.0,4,119,1843.75
17866.0,142,9,329.65
15802.0,142,1,451.42
17229.0,96,47,318.76
14456.0,5,947,3017.28
16464.0,19,230,1298.66
17962.0,142,34,102.41
16149.0,4,18,280.52
14259.0,141,5,120.0
18143.0,116,61,1000.16
17935.0,138,29,145.79
14517.0,33,18,330.45
17694.0,141,15,283.12
17660.0,141,38,178.75
16041.0,30,6,3166.4
15623.0,141,19,301.03
15829.0,99,51,636.14
15232.0,113,31,612.06
13079.0,4,6,220.10000000000002
18262.0,140,13,149.48
13563.0,84,49,777.53
15506.0,22,161,972.08
16305.0,138,22,361.21999999999997
12864.0,138,3,147.12
17724.0,71,40,1033.0
17703.0,35,55,798.74
13116.0,138,30,501.14
14019.0,46,66,1421.61
17649.0,138,52,868.49
16178.0,138,8,197.9
17040.0,137,15,449.73
14100.0,137,25,191.95000000000002
16557.0,24,11,281.85
13296.0,137,5,87.4
16364.0,11,52,705.79
17693.0,137,16,200.47
15372.0,137,27,2007.3999999999999
15618.0,32,45,776.851
13930.0,57,17,337.34
13379.0,26,97,572.56
13194.0,135,3,60.7
16447.0,135,34,255.91
14305.0,71,105,1858.96
14331.0,124,28,462.65999999999997
15261.0,135,19,254.82
15105.0,18,101,2298.93
14855.0,119,20,645.65
13925.0,92,41,678.25
18237.0,2,61,987.1
15639.0,134,25,425.32
15118.0,134,1,244.8
15746.0,134,28,196.88
18268.0,134,1,25.5
15942.0,133,14,337.44
14143.0,133,7,115.8
15120.0,133,21,358.82
16147.0,133,22,375.0
13277.0,15,8,258.4
18127.0,19,46,347.08
15149.0,133,23,520.8000000000001
18081.0,36,17,343.45
14511.0,11,68,1314.81
15776.0,133,18,241.62
12981.0,29,20,372.21999999999997
13106.0,133,1,76.5
13928.0,10,27,464.57
14885.0,131,15,765.3199999999999
13388.0,131,35,677.1
15438.0,131,25,156.57999999999998
17173.0,5,86,3766.6
17941.0,130,2,304.56
14947.0,72,14,290.82
17053.0,130,13,498.48
12844.0,29,52,325.96000000000004
14567.0,56,33,1530.3600000000001
12828.0,2,56,1018.71
16984.0,88,400,4459.52
13023.0,64,40,689.9
17553.0,129,2,1487.6
13075.0,129,22,919.61
15342.0,129,24,406.09
17788.0,73,5,1117.9
13850.0,129,93,1595.48
14076.0,129,44,118.67
13805.0,52,13,924.6
17887.0,129,10,111.35
13186.0,39,79,1575.89
15374.0,128,3,168.0
17656.0,73,82,1674.69
16102.0,42,57,1842.14
15089.0,10,145,2420.84
14972.0,128,18,114.77
17514.0,128,40,208.65
12917.0,128,2,594.0
14768.0,17,5,192.60000000000002
17584.0,7,35,1242.3
15254.0,127,18,300.36
18099.0,127,19,168.31
15205.0,85,37,653.24
13218.0,127,5,62.63999999999999
17267.0,127,37,317.2
16302.0,126,11,233.22
13513.0,126,10,205.1
14720.0,5,37,663.81
18282.0,7,12,178.05
13200.0,19,46,870.09
14079.0,124,12,375.1
17298.0,101,30,498.42
14024.0,121,16,327.7
16066.0,16,101,1521.04
15198.0,92,10,193.64
12885.0,63,71,1175.22
17331.0,123,1,175.2
13016.0,73,47,789.89
13500.0,23,65,1166.77
15247.0,122,6,356.0
13355.0,122,32,674.7
16053.0,32,84,1511.95
16292.0,121,17,302.25
14116.0,19,72,1382.74
14495.0,50,6,123.8
15494.0,21,122,1280.58
15608.0,28,60,1093.68
17248.0,120,69,318.65
17653.0,36,44,1207.56
17633.0,31,70,1324.84
13645.0,120,5,252.1
15469.0,50,24,538.55
13307.0,120,1,15.0
17122.0,119,7,138.32
14406.0,119,8,156.75
15683.0,117,10,193.75
14301.0,117,13,640.14
14658.0,5,29,247.15
13621.0,116,19,213.85
16272.0,116,25,411.7
17958.0,116,7,508.4599999999999
16836.0,39,11,251.87
16961.0,116,14,234.17
16902.0,116,44,1706.88
15706.0,63,55,1060.56
15315.0,64,37,570.5
15653.0,92,6,877.4399999999999
13159.0,8,120,1429.35
13189.0,18,29,260.68
17637.0,31,35,547.0600000000001
13470.0,99,10,165.0
15786.0,46,266,4919.0
15541.0,114,29,85.13000000000001
16734.0,52,52,646.76
16706.0,37,123,531.35
17070.0,114,62,304.24
12962.0,7,16,266.39
13273.0,113,16,138.98
17736.0,9,25,377.44
15472.0,113,76,371.56
16582.0,113,6,313.62
17747.0,112,1,71.4
15396.0,112,14,288.18
16828.0,93,8,128.5
14712.0,29,25,917.07
12991.0,23,31,503.76
14772.0,112,9,139.26
12968.0,112,5,135.95
16330.0,17,39,251.91
15701.0,2,230,1529.0
14529.0,60,213,578.61
16536.0,110,54,548.12
15313.0,110,1,52.0
15801.0,46,64,1063.95
16201.0,3,111,1863.47
16555.0,35,17,285.89
16952.0,109,16,167.61
14387.0,32,139,1727.6
17073.0,17,174,1446.09
18147.0,45,7,179.33999999999997
14523.0,108,12,241.09
14418.0,3,124,1937.25
16968.0,4,31,439.43
16723.0,91,42,576.4
13411.0,107,18,213.55
16340.0,107,141,534.31
13236.0,24,36,744.85
14196.0,106,6,335.52
15263.0,106,12,156.51
14314.0,106,8,120.0
16093.0,106,1,17.0
14687.0,106,15,628.38
14050.0,31,54,746.36
16429.0,106,2,284.55
14055.0,106,10,725.6400000000001
15663.0,106,9,138.14
18200.0,106,30,150.35
18167.0,23,37,1384.8600000000001
13644.0,16,146,2624.26
17451.0,1,100,1721.4
16641.0,105,12,231.10000000000002
14141.0,2,40,915.13
15074.0,105,41,735.67
17183.0,7,73,3347.31
15325.0,103,48,161.74
13778.0,103,9,178.7
14869.0,8,70,721.45
14096.0,4,5111,65164.79
14108.0,30,34,597.91
15866.0,101,43,211.89
14660.0,86,30,285.74
13726.0,38,42,1079.6599999999999
15690.0,4,19,239.76
17777.0,24,190,647.56
16278.0,100,23,566.38
13276.0,63,30,590.9300000000001
13147.0,10,4,712.8000000000001
13045.0,99,18,305.28000000000003
13099.0,99,1,207.35999999999999
14420.0,99,29,387.52
14436.0,98,9,89.06
18027.0,98,21,115.31
12832.0,32,27,383.03
16674.0,54,93,304.24
16173.0,15,84,1418.32
14171.0,98,58,363.79
13434.0,74,10,534.24
16761.0,96,13,316.62
14067.0,63,52,374.7
13808.0,5,76,1747.66
15215.0,46,35,734.94
12851.0,96,47,131.81
14965.0,96,81,596.09
15136.0,2,68,1286.7
16629.0,73,60,408.63
18261.0,43,21,324.24
15307.0,95,12,205.3
16820.0,95,26,497.61
17309.0,95,12,82.75
13949.0,2,160,2427.32
14360.0,31,117,2118.03
16400.0,94,29,303.93
14208.0,94,10,151.74
13130.0,94,2,64.0
13210.0,93,22,353.48
17481.0,3,82,1255.59
17573.0,29,25,380.6
14452.0,10,60,259.05
13889.0,92,15,416.90000000000003
15488.0,92,2,91.32000000000001
18222.0,92,19,443.0
13244.0,92,27,121.74000000000001
17004.0,46,43,1312.1399999999999
13441.0,91,13,296.64
13823.0,18,40,957.66
12879.0,44,10,573.22
16603.0,74,34,482.47
14824.0,10,29,1127.71
16910.0,4,545,1508.96
15652.0,91,21,337.74
16362.0,32,77,709.99
15035.0,89,27,252.73000000000002
14508.0,22,55,268.05
13272.0,31,15,276.56
17317.0,46,9,2600.34
14212.0,89,9,1070.48
13372.0,89,23,378.64
18255.0,89,6,103.3
14250.0,7,111,1904.05
16796.0,89,18,305.62
14432.0,9,377,2248.5
15782.0,9,43,2614.7400000000002
12883.0,24,42,703.47
12965.0,89,108,769.8100000000001
15533.0,19,83,807.57
18215.0,89,13,299.34000000000003
18158.0,9,34,453.4
13375.0,88,37,778.65
13431.0,67,46,1269.1
16211.0,88,23,547.02
12884.0,88,7,309.05
16141.0,88,30,620.4
17919.0,88,23,1304.04
16360.0,4,636,3450.41
17433.0,88,54,303.15999999999997
13704.0,5,134,2308.06
14020.0,16,39,642.8
14359.0,19,55,912.18
16451.0,87,14,266.97
12940.0,54,96,899.69
15216.0,87,2,96.6
15522.0,32,56,397.99
17037.0,87,75,1267.32
12822.0,70,46,948.88
15343.0,87,21,364.5
14753.0,87,30,563.15
16959.0,87,7,117.35000000000001
18251.0,87,16,4314.72
13032.0,52,71,1010.18
12895.0,42,22,372.8
17640.0,86,5,621.66
13860.0,1,76,1245.9
18001.0,12,57,415.13
17728.0,3,165,2876.01
15933.0,21,74,1107.46
14284.0,30,32,595.25
17347.0,86,1,228.96
15103.0,31,35,703.36
15707.0,35,205,916.98
13430.0,18,49,679.45
13321.0,72,11,567.36
13877.0,86,3,117.24
15272.0,57,63,721.94
15322.0,85,42,679.68
17333.0,85,28,494.25
13518.0,85,36,627.16
14306.0,51,33,2093.32
17679.0,52,30,1992.1100000000001
16160.0,65,20,1025.44
15573.0,31,97,591.1899999999999
14894.0,85,23,655.75
17434.0,2,134,2373.82
15466.0,85,57,334.53
15511.0,11,158,900.53
17846.0,85,1,2033.1
16189.0,15,11,215.48
15417.0,85,28,508.8
12995.0,85,3,211.32
14557.0,85,16,788.38
16108.0,84,48,842.5
17144.0,1,48,984.57
16924.0,21,81,829.89
15099.0,84,23,410.48
13323.0,3,21,787.85
14124.0,84,5,419.58000000000004
15975.0,84,24,371.01
15523.0,84,10,412.01000000000005
16878.0,84,3,13.3
15947.0,82,29,1708.24
13247.0,17,25,501.12
13566.0,40,169,856.84
18194.0,82,7,973.8399999999999
16689.0,75,13,422.59999999999997
16438.0,5,132,798.35
13067.0,82,15,115.46000000000001
16460.0,28,132,811.23
13325.0,81,12,675.3
13774.0,81,22,345.0
15504.0,81,13,52.83
15500.0,8,68,1131.56
17557.0,14,34,541.46
13228.0,81,2,358.0
14356.0,79,33,701.23
13416.0,43,19,712.5
17628.0,81,5,75.75
16527.0,81,14,228.06
15341.0,80,17,2020.52
16215.0,80,14,242.35
14164.0,70,29,1631.77
15888.0,80,12,168.31
17564.0,24,49,454.01
13356.0,80,42,768.24
18228.0,56,30,779.9
17415.0,79,14,507.84
13350.0,16,40,979.12
16627.0,79,20,322.8
17475.0,79,14,194.37
14951.0,79,20,311.69
14780.0,54,27,447.68
14887.0,79,6,1862.0
15399.0,1,50,815.77
17466.0,10,41,763.28
16379.0,4,108,2157.4
17172.0,78,15,317.76
15239.0,10,49,780.59
16213.0,78,6,159.0
15603.0,78,2,48.480000000000004
14261.0,50,52,1163.45
15571.0,11,57,650.4300000000001
15484.0,1,187,3590.41
12936.0,17,62,1063.9
16236.0,78,20,432.2
16669.0,23,156,1348.88
17603.0,78,11,394.72
15398.0,16,73,1345.53
12906.0,11,63,2919.81
17079.0,78,2,118.80000000000001
14125.0,10,166,2720.63
17163.0,21,5,293.1
12952.0,5,79,1387.79
13279.0,78,9,137.75
16715.0,78,19,301.71999999999997
13519.0,78,8,122.75
15744.0,77,3,34.8
13127.0,77,15,259.17
15714.0,11,34,330.03000000000003
17480.0,77,29,511.82
15763.0,31,61,1086.92
15075.0,77,27,773.03
16978.0,77,39,344.33
14014.0,77,39,505.18
16240.0,24,135,3718.8
13336.0,77,51,795.12
14652.0,77,29,114.18
15807.0,50,48,903.9
15762.0,65,37,583.75
15475.0,77,29,454.10999999999996
15978.0,77,49,1098.78
16485.0,77,42,363.65
13083.0,4,18,303.75
16169.0,8,85,1822.97
17506.0,75,14,302.2
16480.0,75,53,769.29
17006.0,4,44,781.78
17498.0,75,17,272.22
17131.0,5,134,2463.17
13536.0,1,178,3444.39
15429.0,26,82,397.35
17154.0,75,23,329.34
16594.0,75,53,181.09
16049.0,40,299,1074.81
14757.0,75,19,420.5
16198.0,75,15,400.68100000000004
13670.0,75,25,349.7
18066.0,75,10,318.0
14806.0,75,11,193.39000000000001
13429.0,10,67,1006.8
15154.0,75,71,254.28
13390.0,74,13,544.08
12925.0,4,45,694.05
13927.0,74,21,348.99
18205.0,36,32,517.36
14908.0,74,9,277.8
13639.0,74,40,1033.34
15958.0,74,7,104.35
15492.0,28,35,659.4599999999999
15243.0,74,22,316.68
16468.0,74,2,74.9
15344.0,0,26,563.94
13866.0,74,7,145.67000000000002
16999.0,23,23,484.82
13514.0,73,4,152.20000000000002
13314.0,1,62,775.94
17805.0,73,10,512.31
18278.0,73,9,173.9
13979.0,73,54,869.87
16181.0,73,11,305.54
15568.0,2,53,758.29
16354.0,63,39,395.8
14412.0,42,43,770.03
16119.0,8,16,423.36
14109.0,72,9,144.2
16157.0,15,18,656.69
15348.0,72,9,158.04
16281.0,72,17,2062.06
13924.0,1,117,1838.8500000000001
14434.0,21,12,1372.8
13061.0,72,10,248.61
17513.0,72,6,513.2
16909.0,72,18,379.14
16650.0,71,24,518.42
18192.0,71,45,957.97
17447.0,40,36,541.53
17427.0,71,2,100.8
15175.0,71,23,224.14
13960.0,21,12,230.22
17528.0,1,253,3628.5
16361.0,9,104,891.21
13886.0,71,16,243.56
13354.0,71,51,743.53
15050.0,25,76,1737.69
13503.0,71,17,216.85
16653.0,16,69,1212.66
16574.0,71,28,451.44
13759.0,33,25,659.4100000000001
17813.0,14,348,1698.07
15949.0,16,19,364.72
13364.0,71,10,134.95999999999998
16268.0,71,45,667.65
18053.0,70,20,300.02
16101.0,70,76,1290.7
15565.0,50,8,173.16
18217.0,29,31,621.75
13954.0,1,25,439.92
15593.0,70,5,199.8
13095.0,70,6,74.39999999999999
15287.0,22,20,486.69
13347.0,70,8,341.36
15185.0,70,21,310.62
16404.0,70,23,443.05
16613.0,70,30,618.59
16591.0,68,10,213.5
15774.0,68,25,270.8
13558.0,5,169,594.52
16930.0,26,53,378.89
16533.0,19,176,1082.81
18059.0,23,18,306.46
14488.0,67,46,1064.28
16747.0,37,42,836.06
14333.0,67,15,415.2
13635.0,67,62,1071.03
17330.0,22,6,363.9
17321.0,8,99,657.16
14815.0,36,53,778.5
15091.0,67,30,480.71
15088.0,21,57,1160.07
15930.0,67,21,426.63
16183.0,67,15,338.71000000000004
13297.0,7,59,2089.85
13801.0,66,23,324.8
16881.0,66,1,432.0
17014.0,8,72,583.4300000000001
15255.0,66,47,890.85
14184.0,66,24,452.89
13351.0,66,16,373.94
15739.0,66,8,449.12
17957.0,66,31,111.68
15276.0,66,49,128.63
15127.0,65,16,406.53
16106.0,65,6,108.38
17666.0,3,18,728.16
13483.0,65,10,140.34
16478.0,25,17,331.0
17382.0,65,2,65.4
16020.0,16,46,851.01
17222.0,65,27,328.65
16803.0,65,24,332.3
13947.0,65,5,90.6
16758.0,65,22,369.34000000000003
17647.0,65,7,133.06
14054.0,65,6,92.46
18033.0,65,33,93.82000000000001
13845.0,64,9,312.98
15837.0,64,24,391.98
13177.0,64,17,282.45
14317.0,64,24,508.58000000000004
16295.0,9,79,1328.55
13602.0,64,23,428.89
16895.0,64,62,202.27
17295.0,28,68,547.0
13504.0,64,22,295.93
13422.0,64,127,2626.3
15264.0,64,23,393.74
16432.0,64,8,287.4
14518.0,64,16,174.37
13882.0,2,65,1191.13
15937.0,64,7,145.35
12923.0,64,28,172.82
16454.0,44,2,6.9
17453.0,17,19,486.71999999999997
15766.0,64,11,315.06
15300.0,64,28,496.44
13348.0,64,14,233.76
14592.0,35,158,557.94
17030.0,63,11,146.87
14427.0,50,17,363.34000000000003
14792.0,63,2,6.2
13359.0,63,23,439.56
14138.0,1,46,965.8800000000001
15297.0,10,39,641.94
13876.0,63,7,122.7
17086.0,7,96,2050.08
13806.0,63,10,256.38
18096.0,11,196,849.06
13587.0,63,8,712.4
12856.0,7,311,2170.78
13419.0,63,16,221.06
17509.0,57,364,6083.64
16900.0,16,79,887.11
13689.0,63,6,910.0
13763.0,63,15,1714.96
13755.0,3,321,2108.06
16104.0,61,28,298.21
13259.0,61,81,283.18
16248.0,61,7,152.94
15612.0,36,6,195.15
15787.0,26,200,933.26
16595.0,61,85,360.16
13260.0,61,8,557.62
15821.0,44,62,570.96
18088.0,61,37,166.03
16685.0,61,62,324.24
13193.0,61,25,112.08
13212.0,19,141,786.83
14801.0,61,57,189.34
16380.0,61,31,1743.1499999999999
16921.0,61,55,154.18
15193.0,60,19,499.32
14027.0,60,6,104.82
16179.0,60,11,215.83
15473.0,14,11,1771.2
17425.0,19,43,759.17
18169.0,60,9,202.65
18126.0,60,52,200.92000000000002
16688.0,1,62,1260.86
16982.0,60,22,384.06
15330.0,32,13,714.96
17186.0,46,2,144.0
13685.0,2,39,3119.44
16776.0,60,71,371.54
13980.0,60,11,200.14
13352.0,60,24,397.97999999999996
15553.0,60,55,428.93
15886.0,60,12,181.09
17203.0,35,148,3560.08
17459.0,43,111,657.3
16561.0,5,31,511.12
14121.0,3,159,2780.15
17119.0,3,35,606.91
17620.0,59,4,81.44
12824.0,59,25,397.12
14710.0,14,136,599.48
16120.0,59,30,1309.14
14624.0,57,13,225.85
16171.0,59,3,73.2
13690.0,59,9,172.25
17934.0,51,21,704.25
14642.0,58,2,96.12
16753.0,58,34,223.92000000000002
17737.0,9,10,168.24
13464.0,58,41,674.68
18277.0,58,8,110.38
14537.0,57,10,355.56
17279.0,57,9,187.82999999999998
14251.0,1,78,2879.7000000000003
14234.0,22,147,754.12
14975.0,57,11,279.94
13853.0,57,23,1090.14
16773.0,57,26,171.59
16430.0,57,6,300.85
16793.0,57,16,243.84
18130.0,15,70,1059.39
17614.0,57,98,386.32
13858.0,57,11,216.17
14856.0,36,65,1290.53
14089.0,56,13,158.75
15478.0,40,44,1399.92
16413.0,56,31,262.2
16416.0,26,71,1051.4
13006.0,56,4,81.57
17986.0,56,1,20.8
14910.0,2,30,434.35
16243.0,33,51,409.1
13878.0,54,35,1271.57
16934.0,54,61,931.03
15994.0,54,32,414.27
14547.0,3,355,3974.75
16052.0,54,34,362.06
15113.0,9,97,3509.43
16542.0,53,5,119.62
18042.0,53,7,165.04999999999998
16563.0,53,19,1077.74
17201.0,53,38,289.78
17520.0,53,30,546.81
13923.0,53,20,351.13
16412.0,53,30,135.99
17205.0,53,13,384.08
17534.0,53,9,223.36
15335.0,53,35,170.22
16737.0,53,1,417.59999999999997
15066.0,53,42,893.59
17206.0,53,7,204.24
17785.0,53,13,131.94
16932.0,53,48,150.23000000000002
16363.0,53,5,109.36000000000001
14830.0,53,39,188.88
17244.0,53,31,954.9
15355.0,29,14,277.05
15598.0,53,14,240.68
15637.0,52,15,223.36
16848.0,52,14,281.42
15678.0,52,12,352.7
14015.0,52,20,917.34
13594.0,52,26,396.97
15327.0,52,10,208.75
14861.0,52,6,125.79
14554.0,10,203,2279.4900000000002
14179.0,40,157,701.57
12863.0,52,5,521.2
15604.0,52,17,216.39
14381.0,52,56,202.68
16123.0,51,16,307.78
16851.0,4,20,342.45
17148.0,51,9,124.88
17549.0,23,6,148.86
17973.0,51,15,337.04
15610.0,51,6,112.46000000000001
15853.0,51,30,110.8
18019.0,51,5,38.45
14698.0,1,200,1217.27
15468.0,51,24,467.51
16826.0,51,22,341.7
17824.0,51,13,298.4
15803.0,51,8,415.82000000000005
15006.0,51,132,480.38
17350.0,8,70,1281.32
14799.0,51,13,157.7
15814.0,16,72,1945.33
16260.0,50,18,1035.45
14638.0,50,16,443.6
17354.0,50,16,1393.06
15664.0,50,17,386.43
13245.0,50,16,430.5
14923.0,50,44,749.1
16177.0,50,15,331.95
13366.0,50,1,56.160000000000004
16284.0,31,103,812.68
16846.0,50,11,214.32
14484.0,50,14,321.92
13897.0,50,17,311.16
14585.0,50,29,157.05
17125.0,50,35,230.5
15836.0,50,10,137.37
16313.0,3,16,274.15000000000003
13460.0,29,17,183.44
14967.0,49,6,463.8
15286.0,49,3,240.55
17832.0,49,61,155.37
16015.0,3,181,704.55
16311.0,17,37,616.26
15740.0,49,9,154.88
13974.0,49,28,413.59000000000003
15677.0,49,33,657.23
15000.0,47,77,490.52
16017.0,47,32,211.88
13471.0,1,254,2501.84
13598.0,47,35,160.04
18005.0,3,53,226.47
15427.0,33,292,1430.54
15022.0,11,121,852.39
17111.0,47,29,231.61
17836.0,47,24,110.21000000000001
14629.0,4,150,955.26
15592.0,46,24,388.58
15277.0,46,12,255.89999999999998
16491.0,46,39,731.5
15516.0,44,15,62.43
14764.0,46,6,278.3
16742.0,46,1,464.9
15142.0,46,26,498.74
17344.0,46,31,157.62
18240.0,46,6,422.58
17081.0,25,63,288.91
14474.0,46,29,547.66
14139.0,46,26,415.82
15844.0,46,11,130.73999999999998
13176.0,46,67,481.49
15345.0,45,20,393.54
16708.0,45,27,656.63
15963.0,19,28,470.76
18045.0,45,43,178.34
13182.0,45,11,121.18
15158.0,45,7,401.40000000000003
13028.0,22,45,661.3199999999999
13978.0,14,15,196.79000000000002
16056.0,45,66,650.75
16071.0,44,21,326.24
14539.0,15,32,537.48
14550.0,10,47,757.37
17712.0,44,29,522.91
14102.0,5,58,1105.8799999999999
14598.0,44,50,221.97
15320.0,44,36,267.13
16415.0,44,47,200.27
12827.0,5,25,430.15000000000003
16345.0,44,37,565.46
15993.0,8,543,2777.67
17895.0,44,15,95.45
15948.0,8,60,955.24
15659.0,43,11,306.45
18154.0,3,21,399.19
13363.0,17,60,992.5
18276.0,43,14,335.86
17684.0,43,15,239.41
17878.0,43,26,379.45
14752.0,43,5,389.64
16847.0,43,12,193.44
14971.0,35,155,1097.98
17545.0,43,141,642.32
16026.0,43,32,236.09
16513.0,4,35,874.59
14357.0,43,40,225.12
16855.0,23,19,328.4
16680.0,43,10,183.7
18035.0,35,49,713.89
16648.0,42,19,290.65999999999997
16164.0,17,34,822.48
14218.0,42,12,169.48000000000002
15096.0,42,11,219.39000000000001
18030.0,4,9,230.64999999999998
14416.0,22,14,490.22
17839.0,42,52,318.15
16601.0,40,30,242.7
12912.0,2,24,1662.3
13278.0,40,46,542.73
14582.0,40,6,114.11
15748.0,40,20,144.36
16079.0,16,21,1352.0
17590.0,2,196,1468.02
15054.0,12,114,302.1
14158.0,40,41,507.66
15385.0,40,12,316.88
16506.0,19,3,90.30000000000001
14295.0,40,5,166.20000000000002
13822.0,5,96,632.0
18067.0,40,37,396.33
16190.0,40,6,215.08
15444.0,9,214,1411.21
13607.0,40,97,675.51
15360.0,39,13,427.93
13103.0,39,8,243.94
15667.0,39,13,301.32
13651.0,35,6,94.2
16127.0,39,40,656.25
15977.0,17,65,1054.73
13697.0,38,12,151.29999999999998
14345.0,38,6,108.97999999999999
17503.0,2,38,558.96
16830.0,38,23,325.91
17495.0,7,27,497.56
14485.0,38,46,162.8
13868.0,7,33,3192.54
15423.0,38,2,43.5
17668.0,1,15,347.75
16971.0,38,41,357.21
16352.0,17,28,494.44
16884.0,37,26,429.84000000000003
15830.0,37,39,576.0
14216.0,3,59,1839.3
15275.0,37,41,615.14
16790.0,3,93,1545.6200000000001
15576.0,37,43,921.37
18105.0,37,18,113.48000000000002
18164.0,37,24,399.65000000000003
14974.0,37,17,89.94
17947.0,37,9,176.68
13318.0,1,20,640.76
18104.0,37,38,754.64
13271.0,37,87,211.49
17595.0,12,82,386.69
14528.0,37,18,364.21999999999997
17432.0,18,48,365.76
16337.0,36,10,151.05
14098.0,36,21,147.35
15551.0,36,29,436.06
16347.0,11,85,847.45
13721.0,36,28,524.14
16322.0,1,37,326.75
17403.0,36,32,263.92
16914.0,36,30,183.76
16602.0,36,29,528.08
13914.0,11,33,626.45
13467.0,10,98,1071.91
17221.0,7,62,334.48
17078.0,36,28,378.2
13447.0,23,59,1129.14
15010.0,35,20,308.94
18022.0,35,164,612.72
16318.0,35,19,328.15
17274.0,35,25,107.82
15597.0,35,22,324.57
17233.0,35,25,190.88
16887.0,35,36,192.32999999999998
13938.0,35,7,71.66
17084.0,35,149,2747.9900000000002
14882.0,26,11,589.7
15017.0,33,20,125.58
12882.0,9,13,1463.04
17387.0,19,76,746.81
13727.0,28,20,333.48
13532.0,33,66,210.31
16445.0,33,63,230.51
15156.0,1,55,961.49
16372.0,33,92,355.73
17608.0,33,56,191.99
14174.0,33,26,134.46
14039.0,33,6,152.2
13040.0,8,43,676.99
15883.0,2,49,396.48
14664.0,19,98,636.24
15526.0,33,4,148.44
17831.0,33,2,35.400000000000006
15025.0,33,67,361.96
17761.0,32,19,712.78
15870.0,32,74,351.44
14080.0,32,4,45.599999999999994
17623.0,32,33,527.0500000000001
13673.0,18,60,387.44
14073.0,32,13,151.04
16070.0,22,33,852.15
13066.0,24,48,470.8
14929.0,32,11,223.88
13710.0,31,8,180.48
16732.0,31,28,603.75
14140.0,3,66,935.05
17219.0,31,25,114.23
16505.0,31,4,777.6
15957.0,31,42,428.89
18123.0,24,34,574.4399999999999
15043.0,31,3,537.0
17313.0,31,24,2328.84
18216.0,31,26,481.75
17022.0,31,7,71.0
15153.0,31,22,329.25
16759.0,7,42,789.79
16751.0,30,25,1764.72
12893.0,30,31,176.55
14836.0,10,6,102.44999999999999
17011.0,30,15,270.9
17038.0,30,22,112.4
14968.0,30,37,147.59
16516.0,30,6,101.69999999999999
13522.0,30,5,125.80000000000001
15986.0,30,14,168.12
13992.0,30,5,76.8
14354.0,5,9,163.62
16986.0,29,3,1873.2
16953.0,30,1,20.8
18274.0,30,11,175.92
15450.0,30,30,429.84
15531.0,8,219,1972.39
17500.0,17,5,1138.0
17197.0,29,29,1013.01
16025.0,29,28,439.65999999999997
17461.0,22,106,735.82
17791.0,29,10,106.1
15463.0,29,7,126.14
17977.0,29,21,288.14
14863.0,29,11,266.76
16903.0,29,56,363.2
17502.0,9,28,689.1
17901.0,29,19,110.38
14789.0,28,6,197.64
18209.0,28,8,139.10000000000002
12985.0,0,76,1239.38
15557.0,28,19,468.91
16433.0,28,17,184.26
15692.0,28,12,191.04
17052.0,28,83,399.09
16368.0,2,69,479.91
18014.0,28,30,162.22
13732.0,28,33,491.86
13091.0,28,21,345.82
14661.0,26,4,107.95
13170.0,26,30,108.81
15654.0,9,21,922.53
13146.0,26,17,228.91
14788.0,7,30,679.4399999999999
13603.0,26,27,164.34
14382.0,26,126,615.49
16720.0,26,25,152.95
14904.0,2,69,1025.44
14494.0,25,7,139.56
14902.0,25,20,332.66
16936.0,25,56,261.9
12938.0,25,9,114.14
15168.0,25,5,106.56
17538.0,25,9,98.42
18082.0,25,70,680.84
18117.0,25,72,315.65
15458.0,25,7,161.64
17566.0,8,142,869.77
16207.0,25,19,394.38
17793.0,25,52,300.34
17044.0,25,6,948.48
14953.0,25,54,285.67
16504.0,25,83,465.88
15009.0,12,180,1259.43
16423.0,24,18,346.12
15419.0,24,8,135.86
17510.0,24,20,308.48
15758.0,24,9,205.25
15524.0,24,1,440.0
14725.0,24,47,655.58
14666.0,24,14,195.25
14714.0,24,10,160.19
17153.0,24,14,213.78
12950.0,2,23,1843.0
15720.0,24,128,598.73
18181.0,24,41,366.85
15556.0,24,31,279.77
17357.0,24,44,384.39
12890.0,24,79,376.71999999999997
13449.0,23,19,291.88
15269.0,23,2,408.8
14385.0,9,14,202.11
15900.0,23,47,337.28
17680.0,23,11,184.4
13926.0,23,11,223.85000000000002
16204.0,23,50,384.18
17896.0,23,2,256.32
17835.0,2,59,342.24
15432.0,23,10,171.19
18006.0,23,22,444.68
15657.0,22,1,30.0
17237.0,11,19,314.69
13160.0,22,4,91.8
12847.0,22,84,843.64
17397.0,22,89,681.41
17985.0,22,21,631.35
14362.0,22,37,151.5
13828.0,22,15,209.49
15435.0,22,29,149.29
14641.0,21,7,110.46
15621.0,4,16,1293.03
18034.0,21,110,418.68
17286.0,21,44,151.37
17904.0,21,34,181.07
17301.0,21,59,163.24
15368.0,21,4,446.94000000000005
14793.0,21,14,228.99
17650.0,21,8,166.08
14881.0,19,17,255.4
16784.0,19,3,107.6
14052.0,19,56,225.36
18110.0,19,37,198.8
17561.0,19,45,165.12
15988.0,19,26,156.78
17523.0,11,33,652.74
14950.0,19,19,371.2
16666.0,19,32,118.98
14860.0,19,11,170.32
17636.0,19,20,285.56
13832.0,19,3,52.199999999999996
13142.0,19,23,307.09
16366.0,18,18,327.3
14300.0,18,3,43.2
15567.0,18,7,186.01
15645.0,18,52,612.01
16406.0,18,58,154.35
15857.0,18,14,297.0
12984.0,18,4,97.5
17253.0,18,18,178.26
13739.0,18,3,216.9
18139.0,17,159,8438.34
15274.0,4,47,716.57
17010.0,18,11,195.36
15115.0,18,21,340.11
17100.0,18,65,971.74
15699.0,17,18,309.65
13403.0,17,3,75.0
16956.0,17,16,308.74
17600.0,17,13,161.67000000000002
15877.0,1,126,490.33
14424.0,17,1,322.08
13322.0,17,25,199.48000000000002
17297.0,17,49,128.18
13986.0,17,13,320.46
12920.0,17,27,162.78
18249.0,17,8,95.34
15634.0,17,15,243.55
16376.0,8,122,974.96
16811.0,4,28,547.07
14581.0,16,17,138.6
14675.0,16,97,596.36
18084.0,16,1,90.47999999999999
17290.0,3,96,513.01
16343.0,16,43,328.58
13638.0,15,8,122.64
16482.0,15,18,220.62
17458.0,15,54,316.5
14785.0,10,3,77.4
17254.0,4,111,271.19
17767.0,15,21,271.2
15725.0,15,32,415.25
17247.0,15,54,280.09000000000003
18184.0,15,1,49.8
15428.0,15,6,93.78
17727.0,15,66,1060.25
14756.0,15,38,738.96
16856.0,14,2,35.400000000000006
14703.0,14,22,318.17
17385.0,14,45,256.11
15872.0,14,108,316.25
14966.0,14,36,183.02
17232.0,2,35,417.77
17468.0,10,5,137.0
13332.0,14,21,350.9
14946.0,14,3,100.9
13596.0,5,146,664.11
16024.0,12,63,251.03
14954.0,12,77,294.85
17885.0,12,53,156.34
14093.0,12,100,433.86
14893.0,9,73,1237.8500000000001
15721.0,11,84,471.40000000000003
17852.0,11,24,114.34
13844.0,11,20,361.62
15540.0,11,15,213.3
17379.0,11,78,389.71999999999997
16800.0,11,156,1162.65
17806.0,11,43,546.04
17359.0,11,15,127.86
13188.0,11,2,114.60000000000001
14480.0,11,13,279.05
13349.0,10,16,247.32
15619.0,10,3,336.40000000000003
15148.0,10,20,301.29
14601.0,10,7,213.96
15783.0,10,14,246.3
17772.0,10,50,173.45
14126.0,7,15,706.1300000000001
16479.0,10,35,300.83
13428.0,10,71,201.78
15790.0,10,34,218.75
13521.0,1,418,1071.73
14349.0,10,31,133.5
18058.0,9,3,170.16
12953.0,9,17,329.85
12966.0,9,10,160.18
15060.0,8,115,294.25
17911.0,9,39,366.23
14804.0,8,12,353.27
15904.0,8,30,164.68
16789.0,8,5,80.8
17942.0,7,2,77.50000000000001
13560.0,7,32,171.42000000000002
15539.0,7,41,538.46
13017.0,7,1,204.0
18174.0,7,1,104.0
13153.0,5,15,486.22
15773.0,5,10,635.6800000000001
17936.0,5,72,380.13
16535.0,5,31,593.75
16988.0,5,7,126.12
15097.0,4,25,248.08
18015.0,4,46,120.03
16597.0,4,7,90.04
13790.0,4,45,348.8
14219.0,4,7,89.94
17383.0,4,49,193.39000000000001
15992.0,3,3,41.989999999999995
15318.0,3,33,312.62
17914.0,3,75,329.36
16528.0,3,17,244.41
16569.0,3,5,124.2
14578.0,3,24,168.63
16000.0,2,9,12393.7
15195.0,2,1,3861.0
14087.0,2,68,191.47
14204.0,2,39,150.61
15471.0,2,73,454.48
13436.0,1,12,196.89
15520.0,1,18,343.5
13298.0,1,2,360.0
14569.0,1,12,227.39
